id,function_name,expected_cc,radon_cc,cfg_cc,num_nodes,num_edges,source_node,sink_node,edges
1,synthetic_cc10_v9_1,10,10,10,9,17,0,1,"[(0, 2), (2, 3), (2, 4), (2, 8), (3, 4), (4, 2), (4, 5), (5, 6), (5, 7), (5, 8), (6, 7), (6, 8), (7, 5), (7, 8), (8, 1), (8, 5), (8, 6)]"
2,synthetic_cc10_v9_2,10,10,10,9,17,0,1,"[(0, 2), (2, 3), (2, 4), (2, 6), (3, 4), (4, 2), (4, 5), (5, 4), (5, 6), (5, 8), (6, 7), (6, 8), (7, 2), (7, 8), (8, 1), (8, 6), (8, 7)]"
3,synthetic_cc10_v9_3,10,10,10,9,17,0,1,"[(0, 2), (2, 3), (2, 4), (3, 4), (4, 1), (4, 2), (4, 5), (5, 1), (5, 6), (5, 7), (5, 8), (6, 7), (6, 8), (7, 5), (7, 8), (8, 1), (8, 5)]"
4,synthetic_cc10_v9_4,10,10,10,9,17,0,1,"[(0, 2), (2, 3), (2, 4), (2, 5), (3, 1), (3, 4), (4, 2), (4, 5), (5, 6), (5, 7), (5, 8), (6, 7), (6, 8), (7, 8), (8, 1), (8, 5), (8, 6)]"
5,synthetic_cc10_v9_5,10,10,10,9,17,0,1,"[(0, 2), (2, 3), (2, 4), (2, 7), (3, 4), (3, 5), (4, 2), (4, 3), (4, 5), (5, 3), (5, 6), (5, 7), (6, 7), (6, 8), (7, 8), (8, 1), (8, 7)]"
6,synthetic_cc10_v9_6,10,10,10,9,17,0,1,"[(0, 2), (2, 1), (2, 3), (2, 4), (3, 4), (4, 2), (4, 5), (5, 6), (5, 7), (5, 8), (6, 7), (6, 8), (7, 2), (7, 3), (7, 6), (7, 8), (8, 1)]"
7,synthetic_cc10_v9_7,10,10,10,9,17,0,1,"[(0, 2), (2, 3), (2, 4), (3, 4), (3, 7), (4, 2), (4, 5), (5, 6), (5, 7), (5, 8), (6, 7), (6, 8), (7, 5), (7, 8), (8, 1), (8, 5), (8, 6)]"
8,synthetic_cc10_v9_8,10,10,10,9,17,0,1,"[(0, 2), (2, 3), (2, 4), (3, 4), (3, 6), (4, 2), (4, 5), (5, 6), (5, 7), (5, 8), (6, 7), (6, 8), (7, 1), (7, 5), (7, 8), (8, 1), (8, 5)]"
9,synthetic_cc10_v9_9,10,10,10,9,17,0,1,"[(0, 2), (2, 3), (2, 4), (3, 2), (3, 4), (4, 2), (4, 5), (4, 8), (5, 3), (5, 6), (5, 7), (5, 8), (6, 7), (7, 8), (8, 1), (8, 4), (8, 5)]"
10,synthetic_cc10_v9_10,10,10,10,9,17,0,1,"[(0, 2), (2, 3), (2, 4), (3, 4), (3, 6), (4, 1), (4, 2), (4, 5), (5, 3), (5, 6), (5, 8), (6, 7), (6, 8), (7, 2), (7, 6), (7, 8), (8, 1)]"
11,synthetic_cc10_v9_11,10,10,10,9,17,0,1,"[(0, 2), (2, 3), (2, 4), (3, 4), (4, 2), (4, 5), (5, 6), (5, 7), (5, 8), (6, 2), (6, 3), (6, 7), (6, 8), (7, 8), (8, 1), (8, 2), (8, 5)]"
12,synthetic_cc10_v9_12,10,10,10,9,17,0,1,"[(0, 2), (2, 3), (2, 4), (2, 7), (3, 4), (4, 2), (4, 5), (5, 6), (5, 7), (5, 8), (6, 7), (6, 8), (7, 5), (7, 8), (8, 1), (8, 5), (8, 6)]"
13,synthetic_cc10_v9_13,10,10,10,9,17,0,1,"[(0, 2), (2, 3), (2, 4), (2, 6), (3, 4), (4, 2), (4, 5), (5, 6), (5, 7), (5, 8), (6, 7), (6, 8), (7, 5), (7, 8), (8, 1), (8, 5), (8, 6)]"
14,synthetic_cc10_v9_14,10,10,10,9,17,0,1,"[(0, 2), (2, 3), (2, 4), (3, 4), (4, 2), (4, 5), (4, 6), (5, 6), (5, 7), (5, 8), (6, 7), (6, 8), (7, 5), (7, 8), (8, 1), (8, 5), (8, 6)]"
15,synthetic_cc10_v9_15,10,10,10,9,17,0,1,"[(0, 2), (2, 3), (2, 4), (3, 4), (4, 1), (4, 2), (4, 5), (5, 6), (5, 7), (5, 8), (6, 7), (6, 8), (7, 3), (7, 5), (7, 8), (8, 1), (8, 5)]"
16,synthetic_cc10_v9_16,10,10,10,9,17,0,1,"[(0, 2), (2, 1), (2, 3), (2, 4), (2, 8), (3, 4), (4, 2), (4, 5), (5, 6), (5, 7), (6, 7), (6, 8), (7, 8), (8, 1), (8, 2), (8, 3), (8, 5)]"
17,synthetic_cc10_v9_17,10,10,10,9,17,0,1,"[(0, 2), (2, 3), (2, 4), (2, 6), (3, 4), (4, 1), (4, 2), (4, 5), (5, 6), (5, 7), (5, 8), (6, 7), (6, 8), (7, 8), (8, 1), (8, 5), (8, 6)]"
18,synthetic_cc10_v9_18,10,10,10,9,17,0,1,"[(0, 2), (2, 3), (2, 4), (3, 4), (4, 2), (4, 5), (5, 6), (5, 7), (5, 8), (6, 7), (6, 8), (7, 4), (7, 5), (7, 8), (8, 1), (8, 5), (8, 6)]"
19,synthetic_cc10_v9_19,10,10,10,9,17,0,1,"[(0, 2), (2, 3), (2, 4), (3, 4), (4, 2), (4, 5), (4, 7), (5, 6), (5, 7), (5, 8), (6, 7), (6, 8), (7, 4), (7, 8), (8, 1), (8, 5), (8, 6)]"
20,synthetic_cc10_v9_20,10,10,10,9,17,0,1,"[(0, 2), (2, 3), (2, 4), (3, 4), (4, 2), (4, 5), (5, 6), (5, 7), (5, 8), (6, 7), (6, 8), (7, 1), (7, 4), (7, 8), (8, 1), (8, 5), (8, 6)]"
21,synthetic_cc10_v9_21,10,10,10,9,17,0,1,"[(0, 2), (2, 3), (2, 4), (2, 7), (3, 4), (4, 2), (4, 5), (4, 6), (5, 6), (5, 7), (5, 8), (6, 4), (6, 7), (6, 8), (7, 8), (8, 1), (8, 5)]"
22,synthetic_cc10_v9_22,10,10,10,9,17,0,1,"[(0, 2), (2, 1), (2, 3), (2, 4), (3, 4), (3, 7), (3, 8), (4, 2), (4, 5), (4, 8), (5, 6), (5, 7), (5, 8), (6, 7), (6, 8), (7, 8), (8, 1)]"
23,synthetic_cc10_v9_23,10,10,10,9,17,0,1,"[(0, 2), (2, 3), (2, 4), (3, 4), (4, 2), (4, 5), (5, 1), (5, 3), (5, 6), (5, 7), (5, 8), (6, 7), (6, 8), (7, 8), (8, 1), (8, 5), (8, 6)]"
24,synthetic_cc10_v9_24,10,10,10,9,17,0,1,"[(0, 2), (2, 3), (2, 4), (3, 4), (4, 2), (4, 5), (5, 6), (5, 7), (5, 8), (6, 7), (6, 8), (7, 5), (7, 8), (8, 1), (8, 4), (8, 5), (8, 6)]"
25,synthetic_cc10_v9_25,10,10,10,9,17,0,1,"[(0, 2), (2, 3), (2, 4), (3, 4), (4, 2), (4, 5), (4, 8), (5, 6), (5, 7), (5, 8), (6, 7), (6, 8), (7, 5), (7, 8), (8, 1), (8, 4), (8, 6)]"
26,synthetic_cc10_v9_26,10,10,10,9,17,0,1,"[(0, 2), (2, 3), (2, 4), (3, 4), (4, 2), (4, 5), (5, 6), (5, 7), (5, 8), (6, 7), (6, 8), (7, 5), (7, 8), (8, 1), (8, 2), (8, 5), (8, 6)]"
27,synthetic_cc10_v9_27,10,10,10,9,17,0,1,"[(0, 2), (2, 3), (2, 4), (2, 8), (3, 4), (4, 2), (4, 3), (4, 5), (4, 7), (5, 6), (6, 3), (6, 7), (7, 5), (7, 8), (8, 1), (8, 3), (8, 5)]"
28,synthetic_cc10_v9_28,10,10,10,9,17,0,1,"[(0, 2), (2, 3), (2, 4), (3, 4), (3, 5), (4, 2), (4, 5), (5, 6), (5, 7), (5, 8), (6, 5), (6, 7), (6, 8), (7, 5), (7, 8), (8, 1), (8, 5)]"
29,synthetic_cc10_v9_29,10,10,10,9,17,0,1,"[(0, 2), (2, 3), (2, 4), (2, 8), (3, 4), (4, 2), (4, 5), (5, 6), (5, 7), (5, 8), (6, 7), (6, 8), (7, 4), (7, 5), (7, 8), (8, 1), (8, 5)]"
30,synthetic_cc10_v9_30,10,10,10,9,17,0,1,"[(0, 2), (2, 3), (2, 4), (3, 4), (4, 2), (4, 5), (4, 7), (5, 3), (5, 6), (5, 7), (5, 8), (6, 7), (6, 8), (7, 6), (7, 8), (8, 1), (8, 5)]"
31,synthetic_cc10_v9_31,10,10,10,9,17,0,1,"[(0, 2), (2, 3), (2, 4), (3, 4), (3, 6), (4, 2), (4, 5), (5, 3), (5, 6), (5, 7), (5, 8), (6, 7), (6, 8), (7, 2), (7, 8), (8, 1), (8, 5)]"
32,synthetic_cc10_v9_32,10,10,10,9,17,0,1,"[(0, 2), (2, 3), (2, 4), (2, 5), (3, 4), (3, 8), (4, 2), (4, 5), (5, 6), (5, 7), (5, 8), (6, 7), (6, 8), (7, 5), (7, 8), (8, 1), (8, 5)]"
33,synthetic_cc10_v9_33,10,10,10,9,17,0,1,"[(0, 2), (2, 3), (2, 4), (3, 4), (4, 2), (4, 5), (4, 7), (5, 6), (5, 7), (5, 8), (6, 7), (6, 8), (7, 5), (7, 8), (8, 1), (8, 5), (8, 6)]"
34,synthetic_cc10_v9_34,10,10,10,9,17,0,1,"[(0, 2), (2, 3), (2, 4), (2, 6), (3, 4), (4, 2), (4, 5), (5, 2), (5, 6), (5, 7), (5, 8), (6, 7), (6, 8), (7, 5), (7, 8), (8, 1), (8, 5)]"
35,synthetic_cc10_v9_35,10,10,10,9,17,0,1,"[(0, 2), (2, 3), (2, 4), (3, 2), (3, 4), (3, 5), (4, 2), (4, 5), (5, 6), (5, 7), (5, 8), (6, 5), (6, 7), (6, 8), (7, 8), (8, 1), (8, 6)]"
36,synthetic_cc10_v9_36,10,10,10,9,17,0,1,"[(0, 2), (2, 3), (2, 4), (2, 8), (3, 4), (3, 5), (4, 2), (4, 5), (5, 3), (5, 6), (5, 7), (5, 8), (6, 7), (6, 8), (7, 8), (8, 1), (8, 5)]"
37,synthetic_cc10_v9_37,10,10,10,9,17,0,1,"[(0, 2), (2, 1), (2, 3), (2, 4), (3, 4), (4, 2), (4, 5), (4, 7), (5, 6), (6, 2), (6, 7), (6, 8), (7, 8), (8, 1), (8, 2), (8, 3), (8, 6)]"
38,synthetic_cc10_v9_38,10,10,10,9,17,0,1,"[(0, 2), (2, 3), (2, 4), (3, 1), (3, 4), (4, 2), (4, 5), (4, 8), (5, 6), (5, 7), (5, 8), (6, 7), (6, 8), (7, 3), (7, 8), (8, 1), (8, 5)]"
39,synthetic_cc10_v9_39,10,10,10,9,17,0,1,"[(0, 2), (2, 3), (2, 4), (3, 4), (3, 7), (4, 2), (4, 5), (5, 3), (5, 6), (5, 7), (5, 8), (6, 1), (6, 7), (6, 8), (7, 5), (7, 8), (8, 1)]"
40,synthetic_cc10_v9_40,10,10,10,9,17,0,1,"[(0, 2), (2, 3), (2, 4), (3, 4), (4, 2), (4, 5), (5, 6), (5, 7), (5, 8), (6, 7), (6, 8), (7, 5), (7, 6), (7, 8), (8, 1), (8, 5), (8, 6)]"
41,synthetic_cc10_v9_41,10,10,10,9,17,0,1,"[(0, 2), (2, 3), (2, 4), (2, 5), (3, 4), (4, 2), (4, 5), (5, 6), (5, 7), (5, 8), (6, 7), (6, 8), (7, 5), (7, 8), (8, 1), (8, 5), (8, 6)]"
42,synthetic_cc10_v9_42,10,10,10,9,17,0,1,"[(0, 2), (2, 3), (2, 4), (3, 1), (3, 4), (4, 2), (4, 5), (5, 6), (5, 7), (5, 8), (6, 7), (6, 8), (7, 8), (8, 1), (8, 2), (8, 5), (8, 6)]"
43,synthetic_cc10_v9_43,10,10,10,9,17,0,1,"[(0, 2), (2, 1), (2, 3), (2, 4), (3, 4), (4, 2), (4, 5), (5, 6), (5, 8), (6, 4), (6, 5), (6, 7), (6, 8), (7, 3), (7, 8), (8, 1), (8, 5)]"
44,synthetic_cc10_v9_44,10,10,10,9,17,0,1,"[(0, 2), (2, 3), (2, 4), (2, 5), (3, 4), (4, 1), (4, 2), (4, 5), (5, 6), (5, 7), (5, 8), (6, 7), (6, 8), (7, 8), (8, 1), (8, 5), (8, 6)]"
45,synthetic_cc10_v9_45,10,10,10,9,17,0,1,"[(0, 2), (2, 3), (2, 4), (3, 4), (4, 2), (4, 5), (5, 1), (5, 2), (5, 6), (5, 7), (5, 8), (6, 7), (6, 8), (7, 4), (7, 8), (8, 1), (8, 5)]"
46,synthetic_cc10_v9_46,10,10,10,9,17,0,1,"[(0, 2), (2, 3), (2, 4), (3, 4), (3, 8), (4, 2), (4, 5), (5, 6), (5, 7), (5, 8), (6, 7), (6, 8), (7, 5), (7, 8), (8, 1), (8, 5), (8, 6)]"
47,synthetic_cc10_v9_47,10,10,10,9,17,0,1,"[(0, 2), (2, 3), (2, 4), (3, 4), (3, 5), (4, 2), (4, 5), (5, 6), (5, 7), (5, 8), (6, 7), (6, 8), (7, 5), (7, 8), (8, 1), (8, 5), (8, 6)]"
48,synthetic_cc10_v9_48,10,10,10,9,17,0,1,"[(0, 2), (2, 3), (2, 4), (3, 4), (4, 2), (4, 5), (5, 6), (5, 7), (5, 8), (6, 4), (6, 7), (6, 8), (7, 5), (7, 8), (8, 1), (8, 5), (8, 6)]"
49,synthetic_cc10_v9_49,10,10,10,9,17,0,1,"[(0, 2), (2, 3), (2, 4), (3, 4), (3, 5), (4, 2), (4, 5), (5, 6), (5, 7), (5, 8), (6, 7), (6, 8), (7, 5), (7, 8), (8, 1), (8, 5), (8, 6)]"
50,synthetic_cc10_v9_50,10,10,10,9,17,0,1,"[(0, 2), (2, 3), (2, 4), (3, 4), (4, 2), (4, 5), (5, 6), (5, 7), (5, 8), (6, 7), (6, 8), (7, 1), (7, 2), (7, 5), (7, 8), (8, 1), (8, 3)]"
51,synthetic_cc10_v9_51,10,10,10,9,17,0,1,"[(0, 2), (2, 3), (2, 4), (3, 4), (4, 1), (4, 2), (4, 5), (5, 6), (6, 1), (6, 5), (6, 7), (7, 2), (7, 8), (8, 1), (8, 3), (8, 5), (8, 6)]"
52,synthetic_cc10_v9_52,10,10,10,9,17,0,1,"[(0, 2), (2, 3), (2, 4), (2, 5), (3, 2), (3, 4), (4, 2), (4, 5), (5, 1), (5, 6), (5, 7), (5, 8), (6, 7), (6, 8), (7, 8), (8, 1), (8, 5)]"
53,synthetic_cc10_v9_53,10,10,10,9,17,0,1,"[(0, 2), (2, 3), (2, 4), (2, 7), (3, 4), (4, 2), (4, 5), (5, 6), (5, 7), (5, 8), (6, 7), (6, 8), (7, 5), (7, 8), (8, 1), (8, 5), (8, 6)]"
54,synthetic_cc10_v9_54,10,10,10,9,17,0,1,"[(0, 2), (2, 3), (2, 4), (3, 1), (3, 4), (4, 1), (4, 2), (4, 5), (5, 1), (5, 6), (5, 7), (5, 8), (6, 7), (6, 8), (7, 8), (8, 1), (8, 5)]"
55,synthetic_cc10_v9_55,10,10,10,9,17,0,1,"[(0, 2), (2, 3), (2, 4), (3, 2), (3, 4), (4, 2), (4, 5), (5, 6), (5, 7), (5, 8), (6, 7), (6, 8), (7, 3), (7, 6), (7, 8), (8, 1), (8, 5)]"
56,synthetic_cc10_v9_56,10,10,10,9,17,0,1,"[(0, 2), (2, 3), (2, 4), (3, 4), (4, 1), (4, 2), (4, 5), (5, 3), (5, 6), (5, 7), (5, 8), (6, 7), (6, 8), (7, 3), (7, 8), (8, 1), (8, 5)]"
57,synthetic_cc10_v9_57,10,10,10,9,17,0,1,"[(0, 2), (2, 3), (2, 4), (3, 4), (4, 2), (4, 5), (5, 3), (5, 6), (5, 7), (5, 8), (6, 7), (6, 8), (7, 5), (7, 8), (8, 1), (8, 5), (8, 6)]"
58,synthetic_cc10_v9_58,10,10,10,9,17,0,1,"[(0, 2), (2, 3), (2, 4), (2, 5), (2, 6), (3, 4), (4, 2), (4, 5), (4, 6), (5, 1), (5, 6), (5, 8), (6, 7), (6, 8), (7, 8), (8, 1), (8, 4)]"
59,synthetic_cc10_v9_59,10,10,10,9,17,0,1,"[(0, 2), (2, 3), (2, 4), (3, 4), (4, 2), (4, 5), (5, 6), (5, 7), (5, 8), (6, 7), (6, 8), (7, 5), (7, 8), (8, 1), (8, 2), (8, 5), (8, 6)]"
60,synthetic_cc10_v9_60,10,10,10,9,17,0,1,"[(0, 2), (2, 3), (2, 4), (3, 2), (3, 4), (3, 6), (4, 2), (4, 5), (5, 6), (5, 7), (5, 8), (6, 7), (6, 8), (7, 5), (7, 8), (8, 1), (8, 5)]"
61,synthetic_cc10_v9_61,10,10,10,9,17,0,1,"[(0, 2), (2, 3), (2, 4), (3, 4), (3, 6), (4, 2), (4, 3), (4, 5), (5, 6), (6, 7), (6, 8), (7, 2), (7, 5), (7, 6), (7, 8), (8, 1), (8, 6)]"
62,synthetic_cc10_v9_62,10,10,10,9,17,0,1,"[(0, 2), (2, 3), (2, 4), (3, 4), (3, 6), (4, 2), (4, 5), (5, 4), (5, 6), (5, 7), (5, 8), (6, 2), (6, 7), (6, 8), (7, 8), (8, 1), (8, 6)]"
63,synthetic_cc10_v9_63,10,10,10,9,17,0,1,"[(0, 2), (2, 3), (2, 4), (3, 4), (4, 2), (4, 5), (5, 6), (5, 7), (5, 8), (6, 4), (6, 7), (6, 8), (7, 5), (7, 8), (8, 1), (8, 5), (8, 6)]"
64,synthetic_cc10_v9_64,10,10,10,9,17,0,1,"[(0, 2), (2, 3), (2, 4), (3, 4), (4, 2), (4, 5), (5, 3), (5, 6), (5, 7), (5, 8), (6, 5), (6, 7), (6, 8), (7, 8), (8, 1), (8, 5), (8, 6)]"
65,synthetic_cc10_v9_65,10,10,10,9,17,0,1,"[(0, 2), (2, 3), (2, 4), (3, 4), (4, 2), (4, 5), (5, 6), (5, 7), (5, 8), (6, 7), (6, 8), (7, 1), (7, 8), (8, 1), (8, 2), (8, 5), (8, 6)]"
66,synthetic_cc10_v9_66,10,10,10,9,17,0,1,"[(0, 2), (2, 3), (2, 4), (2, 5), (2, 6), (3, 4), (4, 2), (4, 5), (5, 6), (6, 1), (6, 7), (6, 8), (7, 5), (7, 8), (8, 1), (8, 2), (8, 6)]"
67,synthetic_cc10_v9_67,10,10,10,9,17,0,1,"[(0, 2), (2, 3), (2, 4), (3, 2), (3, 4), (3, 5), (4, 2), (4, 5), (4, 6), (5, 6), (5, 7), (6, 7), (6, 8), (7, 6), (7, 8), (8, 1), (8, 5)]"
68,synthetic_cc10_v9_68,10,10,10,9,17,0,1,"[(0, 2), (2, 3), (2, 4), (3, 4), (4, 2), (4, 5), (5, 4), (5, 6), (5, 7), (5, 8), (6, 7), (6, 8), (7, 5), (7, 8), (8, 1), (8, 5), (8, 6)]"
69,synthetic_cc10_v9_69,10,10,10,9,17,0,1,"[(0, 2), (2, 3), (2, 4), (2, 8), (3, 4), (3, 8), (4, 2), (4, 5), (5, 6), (5, 7), (5, 8), (6, 7), (6, 8), (7, 5), (7, 8), (8, 1), (8, 5)]"
70,synthetic_cc10_v9_70,10,10,10,9,17,0,1,"[(0, 2), (2, 3), (2, 4), (3, 4), (4, 1), (4, 2), (4, 5), (5, 6), (5, 7), (5, 8), (6, 3), (6, 4), (6, 7), (7, 6), (7, 8), (8, 1), (8, 5)]"
71,synthetic_cc10_v9_71,10,10,10,9,17,0,1,"[(0, 2), (2, 3), (2, 4), (2, 8), (3, 4), (4, 2), (4, 3), (4, 5), (5, 6), (5, 7), (5, 8), (6, 7), (6, 8), (7, 8), (8, 1), (8, 5), (8, 6)]"
72,synthetic_cc10_v9_72,10,10,10,9,17,0,1,"[(0, 2), (2, 3), (2, 4), (2, 6), (3, 4), (4, 2), (4, 5), (5, 6), (5, 7), (5, 8), (6, 7), (6, 8), (7, 5), (7, 8), (8, 1), (8, 5), (8, 6)]"
73,synthetic_cc10_v9_73,10,10,10,9,17,0,1,"[(0, 2), (2, 3), (3, 4), (3, 8), (4, 2), (4, 5), (5, 6), (5, 7), (5, 8), (6, 7), (6, 8), (7, 3), (7, 5), (7, 8), (8, 1), (8, 5), (8, 6)]"
74,synthetic_cc10_v9_74,10,10,10,9,17,0,1,"[(0, 2), (2, 3), (2, 4), (3, 4), (4, 2), (4, 3), (4, 5), (4, 7), (5, 6), (5, 7), (6, 3), (6, 7), (6, 8), (7, 4), (7, 5), (7, 8), (8, 1)]"
75,synthetic_cc10_v9_75,10,10,10,9,17,0,1,"[(0, 2), (2, 3), (2, 4), (3, 4), (3, 6), (4, 2), (4, 5), (5, 6), (5, 7), (5, 8), (6, 7), (6, 8), (7, 5), (7, 8), (8, 1), (8, 6), (8, 7)]"
76,synthetic_cc10_v9_76,10,10,10,9,17,0,1,"[(0, 2), (2, 3), (2, 4), (3, 4), (3, 7), (4, 2), (4, 5), (4, 6), (5, 6), (5, 7), (5, 8), (6, 7), (6, 8), (7, 5), (7, 8), (8, 1), (8, 4)]"
77,synthetic_cc10_v9_77,10,10,10,9,17,0,1,"[(0, 2), (2, 3), (2, 4), (3, 4), (4, 2), (4, 5), (5, 6), (5, 7), (5, 8), (6, 7), (6, 8), (7, 4), (7, 5), (7, 8), (8, 1), (8, 5), (8, 6)]"
78,synthetic_cc10_v9_78,10,10,10,9,17,0,1,"[(0, 2), (2, 3), (2, 4), (3, 4), (4, 2), (4, 5), (5, 6), (5, 7), (5, 8), (6, 3), (6, 7), (6, 8), (7, 5), (7, 8), (8, 1), (8, 5), (8, 6)]"
79,synthetic_cc10_v9_79,10,10,10,9,17,0,1,"[(0, 2), (2, 3), (2, 4), (3, 4), (3, 5), (4, 2), (4, 5), (5, 6), (5, 7), (5, 8), (6, 7), (6, 8), (7, 5), (7, 8), (8, 1), (8, 5), (8, 6)]"
80,synthetic_cc10_v9_80,10,10,10,9,17,0,1,"[(0, 2), (2, 3), (2, 4), (3, 4), (3, 6), (4, 2), (4, 5), (5, 2), (5, 6), (5, 7), (5, 8), (6, 2), (6, 7), (6, 8), (7, 8), (8, 1), (8, 2)]"
81,synthetic_cc10_v9_81,10,10,10,9,17,0,1,"[(0, 2), (2, 3), (2, 4), (2, 5), (3, 4), (4, 2), (4, 5), (5, 6), (5, 8), (6, 2), (6, 7), (7, 2), (7, 3), (7, 8), (8, 1), (8, 5), (8, 6)]"
82,synthetic_cc10_v9_82,10,10,10,9,17,0,1,"[(0, 2), (2, 3), (2, 4), (3, 4), (4, 2), (4, 5), (5, 6), (5, 7), (5, 8), (6, 2), (6, 3), (6, 7), (6, 8), (7, 5), (7, 8), (8, 1), (8, 7)]"
83,synthetic_cc10_v9_83,10,10,10,9,17,0,1,"[(0, 2), (2, 3), (2, 4), (3, 4), (3, 7), (3, 8), (4, 2), (4, 5), (5, 6), (5, 7), (5, 8), (6, 7), (6, 8), (7, 5), (7, 8), (8, 1), (8, 5)]"
84,synthetic_cc10_v9_84,10,10,10,9,17,0,1,"[(0, 2), (2, 3), (2, 4), (2, 8), (3, 4), (4, 2), (4, 5), (5, 3), (5, 6), (5, 7), (5, 8), (6, 7), (6, 8), (7, 8), (8, 1), (8, 5), (8, 6)]"
85,synthetic_cc10_v9_85,10,10,10,9,17,0,1,"[(0, 2), (2, 3), (2, 4), (3, 4), (4, 2), (4, 5), (4, 8), (5, 6), (5, 7), (5, 8), (6, 7), (6, 8), (7, 4), (7, 8), (8, 1), (8, 5), (8, 6)]"
86,synthetic_cc10_v9_86,10,10,10,9,17,0,1,"[(0, 2), (2, 3), (2, 4), (3, 4), (3, 5), (3, 6), (4, 2), (4, 5), (5, 6), (5, 7), (5, 8), (6, 7), (6, 8), (7, 5), (7, 8), (8, 1), (8, 5)]"
87,synthetic_cc10_v9_87,10,10,10,9,17,0,1,"[(0, 2), (2, 3), (2, 4), (2, 8), (3, 4), (4, 2), (4, 5), (5, 6), (5, 7), (5, 8), (6, 3), (6, 7), (6, 8), (7, 5), (7, 8), (8, 1), (8, 5)]"
88,synthetic_cc10_v9_88,10,10,10,9,17,0,1,"[(0, 2), (2, 3), (2, 4), (3, 2), (3, 4), (4, 2), (4, 5), (5, 4), (5, 6), (5, 7), (5, 8), (6, 7), (6, 8), (7, 8), (8, 1), (8, 2), (8, 5)]"
89,synthetic_cc10_v9_89,10,10,10,9,17,0,1,"[(0, 2), (2, 3), (2, 4), (2, 5), (2, 8), (3, 4), (4, 2), (4, 5), (5, 6), (5, 8), (6, 2), (6, 7), (6, 8), (7, 8), (8, 1), (8, 3), (8, 6)]"
90,synthetic_cc10_v9_90,10,10,10,9,17,0,1,"[(0, 2), (2, 3), (2, 4), (3, 4), (4, 2), (4, 5), (5, 6), (5, 7), (5, 8), (6, 7), (6, 8), (7, 5), (7, 8), (8, 1), (8, 5), (8, 6), (8, 7)]"
91,synthetic_cc10_v9_91,10,10,10,9,17,0,1,"[(0, 2), (2, 3), (2, 4), (3, 4), (4, 2), (4, 5), (5, 1), (5, 6), (5, 7), (5, 8), (6, 7), (6, 8), (7, 5), (7, 8), (8, 1), (8, 5), (8, 6)]"
92,synthetic_cc10_v9_92,10,10,10,9,17,0,1,"[(0, 2), (2, 3), (2, 4), (3, 4), (4, 2), (4, 5), (4, 6), (4, 8), (5, 6), (5, 7), (5, 8), (6, 7), (6, 8), (7, 8), (8, 1), (8, 5), (8, 6)]"
93,synthetic_cc10_v9_93,10,10,10,9,17,0,1,"[(0, 2), (2, 3), (2, 4), (3, 1), (3, 4), (3, 7), (4, 2), (4, 5), (4, 7), (5, 6), (5, 7), (5, 8), (6, 7), (6, 8), (7, 8), (8, 1), (8, 5)]"
94,synthetic_cc10_v9_94,10,10,10,9,17,0,1,"[(0, 2), (2, 3), (2, 4), (3, 4), (3, 5), (4, 2), (4, 5), (5, 6), (5, 7), (5, 8), (6, 5), (6, 7), (6, 8), (7, 1), (7, 8), (8, 1), (8, 7)]"
95,synthetic_cc10_v9_95,10,10,10,9,17,0,1,"[(0, 2), (2, 3), (2, 4), (3, 4), (4, 2), (4, 5), (4, 8), (5, 6), (5, 7), (5, 8), (6, 7), (6, 8), (7, 1), (7, 8), (8, 1), (8, 3), (8, 5)]"
96,synthetic_cc10_v9_96,10,10,10,9,17,0,1,"[(0, 2), (2, 3), (2, 4), (2, 6), (3, 1), (3, 4), (4, 2), (4, 5), (5, 6), (5, 7), (5, 8), (6, 7), (6, 8), (7, 4), (7, 8), (8, 1), (8, 6)]"
97,synthetic_cc10_v9_97,10,10,10,9,17,0,1,"[(0, 2), (2, 3), (2, 4), (3, 4), (4, 2), (4, 5), (5, 6), (5, 7), (5, 8), (6, 2), (6, 7), (6, 8), (7, 5), (7, 8), (8, 1), (8, 5), (8, 6)]"
98,synthetic_cc10_v9_98,10,10,10,9,17,0,1,"[(0, 2), (2, 3), (2, 4), (2, 5), (3, 4), (4, 2), (4, 3), (4, 5), (5, 6), (5, 7), (5, 8), (6, 7), (6, 8), (7, 8), (8, 1), (8, 5), (8, 6)]"
99,synthetic_cc10_v9_99,10,10,10,9,17,0,1,"[(0, 2), (2, 3), (2, 4), (3, 4), (4, 2), (4, 5), (4, 6), (5, 6), (5, 7), (5, 8), (6, 7), (6, 8), (7, 5), (7, 8), (8, 1), (8, 3), (8, 5)]"
100,synthetic_cc10_v9_100,10,10,10,9,17,0,1,"[(0, 2), (2, 3), (2, 4), (3, 4), (3, 8), (4, 2), (4, 5), (5, 6), (5, 7), (5, 8), (6, 7), (6, 8), (7, 5), (7, 8), (8, 1), (8, 3), (8, 5)]"
101,synthetic_cc50_v30_1,50,50,50,30,78,0,1,"[(0, 2), (2, 3), (2, 4), (2, 21), (3, 4), (3, 18), (4, 2), (4, 5), (4, 26), (5, 6), (5, 7), (6, 7), (6, 8), (7, 5), (7, 8), (8, 7), (8, 9), (8, 10), (8, 18), (9, 6), (9, 10), (9, 14), (10, 1), (10, 8), (10, 11), (11, 12), (11, 13), (11, 26), (12, 13), (12, 21), (13, 5), (13, 11), (13, 14), (14, 3), (14, 15), (14, 16), (15, 16), (15, 23), (16, 4), (16, 7), (16, 13), (16, 14), (16, 17), (17, 18), (17, 19), (18, 10), (18, 19), (19, 17), (19, 20), (20, 12), (20, 21), (20, 22), (21, 4), (21, 16), (21, 22), (21, 25), (21, 28), (22, 20), (22, 23), (23, 21), (23, 24), (23, 25), (24, 25), (25, 23), (25, 26), (26, 10), (26, 27), (26, 28), (26, 29), (27, 18), (27, 24), (27, 28), (27, 29), (28, 26), (28, 29), (29, 1), (29, 26), (29, 27)]"
102,synthetic_cc50_v30_2,50,50,50,30,78,0,1,"[(0, 2), (2, 3), (2, 4), (2, 13), (3, 4), (4, 2), (4, 5), (4, 6), (4, 10), (5, 6), (5, 7), (5, 8), (5, 12), (6, 7), (6, 14), (7, 5), (7, 8), (8, 9), (8, 10), (9, 10), (9, 20), (10, 8), (10, 11), (10, 20), (11, 12), (11, 13), (12, 13), (12, 15), (13, 11), (13, 14), (13, 16), (13, 22), (14, 15), (14, 16), (14, 24), (15, 16), (15, 19), (16, 14), (16, 17), (16, 22), (17, 18), (17, 19), (18, 19), (19, 4), (19, 6), (19, 8), (19, 15), (19, 17), (19, 20), (20, 21), (20, 22), (21, 22), (22, 20), (22, 23), (23, 24), (23, 25), (23, 29), (24, 19), (24, 25), (24, 27), (25, 8), (25, 10), (25, 23), (25, 26), (26, 27), (26, 28), (26, 29), (27, 28), (27, 29), (28, 3), (28, 9), (28, 18), (28, 21), (28, 26), (28, 29), (29, 1), (29, 23), (29, 27)]"
103,synthetic_cc50_v30_3,50,50,50,30,78,0,1,"[(0, 2), (2, 3), (2, 4), (3, 4), (4, 2), (4, 5), (5, 6), (5, 7), (5, 23), (5, 29), (6, 7), (6, 21), (7, 5), (7, 8), (7, 11), (7, 20), (8, 1), (8, 9), (8, 10), (9, 10), (10, 8), (10, 11), (10, 23), (11, 12), (11, 13), (12, 13), (13, 11), (13, 14), (14, 2), (14, 9), (14, 15), (14, 16), (14, 18), (14, 26), (15, 16), (15, 27), (16, 2), (16, 7), (16, 14), (16, 17), (17, 18), (17, 19), (18, 19), (19, 13), (19, 17), (19, 20), (20, 2), (20, 3), (20, 11), (20, 21), (20, 22), (21, 7), (21, 12), (21, 22), (22, 3), (22, 20), (22, 23), (23, 24), (23, 25), (24, 2), (24, 12), (24, 25), (25, 19), (25, 23), (25, 26), (26, 10), (26, 27), (26, 28), (26, 29), (27, 28), (27, 29), (28, 26), (28, 29), (29, 1), (29, 13), (29, 18), (29, 26), (29, 27)]"
104,synthetic_cc50_v30_4,50,50,50,30,78,0,1,"[(0, 2), (2, 3), (2, 4), (3, 4), (4, 2), (4, 5), (4, 19), (5, 6), (5, 7), (6, 7), (6, 29), (7, 5), (7, 8), (8, 4), (8, 9), (8, 10), (9, 10), (9, 19), (9, 25), (10, 8), (10, 11), (10, 27), (11, 12), (11, 13), (12, 13), (13, 3), (13, 11), (13, 12), (13, 14), (14, 5), (14, 15), (14, 16), (14, 22), (15, 16), (15, 23), (15, 25), (15, 27), (16, 14), (16, 17), (17, 7), (17, 15), (17, 18), (17, 19), (18, 3), (18, 19), (19, 8), (19, 17), (19, 20), (20, 21), (20, 22), (21, 22), (22, 16), (22, 17), (22, 20), (22, 23), (22, 29), (23, 24), (23, 25), (23, 26), (24, 16), (24, 25), (25, 6), (25, 18), (25, 23), (25, 26), (25, 28), (26, 27), (26, 28), (26, 29), (27, 4), (27, 7), (27, 28), (27, 29), (28, 26), (28, 29), (29, 1), (29, 26), (29, 27)]"
105,synthetic_cc50_v30_5,50,50,50,30,78,0,1,"[(0, 2), (2, 3), (2, 4), (2, 9), (2, 20), (2, 27), (3, 4), (3, 19), (4, 2), (4, 5), (4, 21), (5, 6), (5, 7), (5, 11), (6, 7), (6, 13), (6, 20), (7, 5), (7, 8), (7, 13), (8, 5), (8, 9), (8, 10), (9, 5), (9, 10), (10, 8), (10, 11), (10, 17), (11, 12), (11, 13), (11, 24), (12, 13), (12, 14), (13, 11), (13, 14), (14, 5), (14, 15), (14, 16), (15, 3), (15, 16), (15, 19), (15, 26), (16, 14), (16, 17), (16, 18), (17, 18), (17, 19), (18, 2), (18, 19), (18, 21), (19, 7), (19, 17), (19, 20), (20, 1), (20, 21), (20, 22), (21, 7), (21, 22), (22, 20), (22, 23), (22, 28), (23, 24), (23, 25), (24, 20), (24, 25), (25, 23), (25, 26), (26, 17), (26, 27), (26, 29), (27, 12), (27, 28), (27, 29), (28, 17), (28, 26), (28, 29), (29, 1), (29, 7)]"
106,synthetic_cc50_v30_6,50,50,50,30,78,0,1,"[(0, 2), (2, 3), (2, 4), (2, 20), (3, 4), (4, 2), (4, 5), (5, 6), (5, 7), (5, 14), (6, 7), (7, 5), (7, 8), (7, 22), (8, 9), (8, 10), (8, 13), (9, 10), (9, 26), (10, 1), (10, 8), (10, 11), (11, 12), (11, 13), (12, 13), (12, 22), (13, 11), (13, 14), (14, 15), (14, 16), (14, 20), (15, 4), (15, 16), (15, 21), (16, 14), (16, 17), (17, 3), (17, 18), (17, 19), (17, 22), (18, 19), (19, 2), (19, 17), (19, 20), (20, 15), (20, 21), (20, 22), (21, 17), (21, 18), (21, 22), (22, 8), (22, 20), (22, 23), (23, 24), (23, 25), (23, 26), (24, 13), (24, 19), (24, 25), (25, 3), (25, 6), (25, 23), (25, 26), (26, 15), (26, 20), (26, 27), (26, 28), (26, 29), (27, 21), (27, 28), (27, 29), (28, 2), (28, 26), (28, 29), (29, 1), (29, 13), (29, 20), (29, 27)]"
107,synthetic_cc50_v30_7,50,50,50,30,78,0,1,"[(0, 2), (2, 3), (2, 4), (2, 16), (2, 21), (2, 24), (2, 25), (3, 4), (3, 5), (3, 22), (4, 2), (4, 5), (4, 6), (4, 14), (5, 6), (5, 7), (5, 15), (5, 26), (5, 29), (6, 7), (6, 14), (6, 17), (6, 21), (7, 5), (7, 8), (8, 9), (8, 10), (9, 10), (10, 8), (10, 11), (11, 12), (11, 17), (12, 13), (12, 29), (13, 14), (14, 15), (14, 16), (15, 16), (16, 14), (16, 17), (16, 19), (16, 27), (17, 1), (17, 18), (17, 19), (18, 6), (18, 19), (19, 17), (19, 20), (20, 21), (20, 22), (21, 22), (22, 14), (22, 20), (22, 23), (23, 2), (23, 24), (23, 25), (24, 3), (24, 9), (24, 13), (24, 25), (25, 23), (25, 26), (26, 19), (26, 27), (26, 28), (26, 29), (27, 20), (27, 28), (27, 29), (28, 8), (28, 18), (28, 26), (28, 29), (29, 1), (29, 26), (29, 27)]"
108,synthetic_cc50_v30_8,50,50,50,30,78,0,1,"[(0, 2), (2, 3), (2, 4), (2, 12), (2, 27), (3, 4), (3, 11), (4, 2), (4, 5), (4, 7), (5, 6), (5, 7), (6, 7), (6, 9), (7, 5), (7, 8), (7, 9), (8, 9), (8, 10), (8, 25), (9, 10), (10, 8), (10, 11), (10, 14), (11, 1), (11, 12), (11, 13), (11, 17), (12, 13), (12, 15), (12, 20), (13, 11), (13, 14), (13, 21), (14, 15), (14, 16), (15, 16), (15, 26), (16, 8), (16, 11), (16, 14), (16, 17), (16, 27), (17, 1), (17, 12), (17, 18), (17, 19), (18, 19), (19, 17), (19, 20), (20, 21), (20, 22), (21, 22), (21, 27), (21, 28), (22, 10), (22, 20), (22, 23), (23, 20), (23, 24), (23, 25), (24, 25), (24, 28), (25, 2), (25, 23), (25, 26), (26, 11), (26, 27), (26, 29), (27, 21), (27, 28), (27, 29), (28, 12), (28, 29), (29, 1), (29, 11), (29, 18), (29, 27)]"
109,synthetic_cc50_v30_9,50,50,50,30,78,0,1,"[(0, 2), (2, 3), (2, 4), (3, 4), (3, 25), (4, 2), (4, 5), (5, 6), (5, 7), (5, 15), (6, 3), (6, 7), (7, 5), (7, 8), (7, 26), (7, 27), (8, 9), (8, 10), (9, 10), (10, 1), (10, 3), (10, 8), (10, 11), (10, 19), (11, 12), (11, 13), (11, 21), (12, 13), (12, 25), (13, 11), (13, 14), (14, 15), (14, 16), (15, 16), (15, 17), (15, 18), (16, 11), (16, 14), (16, 17), (16, 24), (16, 25), (17, 18), (17, 19), (18, 19), (19, 4), (19, 17), (19, 20), (20, 1), (20, 21), (20, 22), (21, 13), (21, 18), (21, 22), (22, 20), (22, 23), (23, 17), (23, 19), (23, 21), (23, 24), (23, 25), (24, 14), (24, 20), (24, 25), (24, 28), (25, 1), (25, 23), (25, 26), (25, 27), (26, 11), (26, 27), (26, 28), (26, 29), (27, 28), (27, 29), (28, 23), (28, 27), (28, 29), (29, 1)]"
110,synthetic_cc50_v30_10,50,50,50,30,78,0,1,"[(0, 2), (2, 3), (2, 4), (3, 4), (3, 12), (3, 17), (3, 21), (4, 2), (4, 5), (4, 22), (5, 6), (5, 7), (5, 12), (5, 25), (6, 7), (6, 10), (6, 15), (7, 5), (7, 8), (7, 22), (8, 3), (8, 9), (8, 10), (9, 10), (9, 16), (9, 17), (9, 20), (10, 8), (10, 11), (10, 20), (11, 12), (11, 13), (12, 13), (12, 17), (13, 11), (13, 14), (13, 19), (14, 2), (14, 15), (14, 16), (15, 16), (15, 21), (16, 14), (16, 17), (17, 18), (17, 19), (18, 19), (18, 22), (18, 23), (19, 12), (19, 17), (19, 20), (20, 21), (20, 22), (20, 26), (21, 22), (22, 4), (22, 20), (22, 23), (23, 12), (23, 24), (23, 25), (24, 3), (24, 25), (25, 23), (25, 26), (26, 1), (26, 27), (26, 28), (26, 29), (27, 13), (27, 18), (27, 28), (27, 29), (28, 26), (28, 29), (29, 1), (29, 24)]"
111,synthetic_cc50_v30_11,50,50,50,30,78,0,1,"[(0, 2), (2, 3), (2, 4), (3, 4), (3, 6), (3, 28), (4, 2), (4, 5), (4, 6), (5, 6), (5, 7), (6, 3), (6, 7), (7, 5), (7, 8), (7, 11), (8, 9), (8, 10), (8, 12), (9, 10), (9, 18), (10, 8), (10, 11), (11, 12), (11, 13), (11, 16), (11, 23), (12, 8), (12, 13), (13, 11), (13, 14), (14, 15), (14, 16), (14, 23), (15, 6), (15, 7), (15, 16), (15, 20), (16, 14), (16, 17), (16, 24), (16, 29), (17, 7), (17, 18), (17, 19), (18, 19), (19, 17), (19, 20), (20, 21), (20, 22), (21, 22), (22, 20), (22, 23), (23, 10), (23, 20), (23, 24), (23, 25), (24, 10), (24, 25), (25, 5), (25, 23), (25, 26), (26, 7), (26, 23), (26, 27), (26, 28), (26, 29), (27, 17), (27, 28), (27, 29), (28, 9), (28, 10), (28, 23), (28, 26), (28, 29), (29, 1), (29, 26), (29, 27)]"
112,synthetic_cc50_v30_12,50,50,50,30,78,0,1,"[(0, 2), (2, 3), (2, 4), (2, 9), (2, 26), (3, 4), (4, 2), (4, 3), (4, 5), (5, 6), (5, 7), (5, 14), (5, 26), (6, 1), (6, 5), (6, 7), (6, 29), (7, 5), (7, 8), (8, 9), (8, 10), (8, 24), (9, 2), (9, 10), (10, 8), (10, 11), (11, 12), (11, 13), (11, 17), (12, 13), (12, 28), (13, 11), (13, 14), (14, 1), (14, 10), (14, 15), (14, 16), (15, 8), (15, 16), (16, 10), (16, 14), (16, 17), (17, 6), (17, 18), (17, 19), (18, 4), (18, 19), (19, 17), (19, 20), (20, 12), (20, 21), (20, 22), (21, 12), (21, 22), (22, 20), (22, 23), (23, 18), (23, 24), (23, 25), (24, 20), (24, 25), (24, 29), (25, 23), (25, 26), (26, 22), (26, 27), (26, 28), (26, 29), (27, 28), (27, 29), (28, 5), (28, 22), (28, 26), (28, 29), (29, 1), (29, 9), (29, 26), (29, 27)]"
113,synthetic_cc50_v30_13,50,50,50,30,78,0,1,"[(0, 2), (2, 3), (2, 4), (3, 4), (3, 18), (4, 2), (4, 5), (5, 6), (5, 7), (5, 20), (6, 7), (6, 10), (7, 5), (7, 8), (7, 10), (7, 27), (8, 9), (8, 10), (9, 10), (9, 23), (10, 8), (10, 11), (11, 10), (11, 12), (11, 13), (12, 13), (12, 16), (12, 20), (13, 10), (13, 11), (13, 14), (13, 21), (14, 1), (14, 6), (14, 15), (14, 16), (15, 14), (15, 16), (16, 14), (16, 17), (17, 11), (17, 18), (17, 19), (18, 9), (18, 19), (19, 5), (19, 17), (19, 20), (20, 1), (20, 3), (20, 21), (20, 22), (20, 25), (21, 6), (21, 22), (21, 25), (22, 2), (22, 20), (22, 23), (22, 27), (22, 29), (23, 24), (23, 25), (24, 11), (24, 25), (25, 23), (25, 26), (26, 27), (26, 28), (26, 29), (27, 25), (27, 28), (27, 29), (28, 26), (28, 29), (29, 1), (29, 9), (29, 27)]"
114,synthetic_cc50_v30_14,50,50,50,30,78,0,1,"[(0, 2), (2, 3), (2, 4), (2, 10), (2, 16), (2, 24), (3, 4), (3, 21), (3, 27), (4, 2), (4, 5), (4, 10), (5, 1), (5, 6), (5, 7), (5, 23), (6, 7), (6, 8), (7, 5), (7, 8), (7, 27), (8, 9), (8, 10), (8, 29), (9, 7), (9, 8), (9, 10), (10, 8), (10, 11), (11, 8), (11, 12), (11, 13), (11, 25), (12, 1), (12, 8), (12, 13), (13, 11), (13, 14), (13, 28), (14, 6), (14, 15), (14, 16), (15, 16), (16, 14), (16, 17), (17, 18), (17, 19), (18, 14), (18, 19), (19, 17), (19, 20), (20, 2), (20, 21), (20, 22), (21, 22), (22, 20), (22, 23), (22, 26), (23, 5), (23, 11), (23, 24), (23, 25), (24, 18), (24, 25), (25, 23), (25, 26), (26, 6), (26, 27), (26, 28), (26, 29), (27, 28), (27, 29), (28, 26), (28, 29), (29, 1), (29, 15), (29, 26), (29, 27)]"
115,synthetic_cc50_v30_15,50,50,50,30,78,0,1,"[(0, 2), (2, 3), (2, 4), (2, 10), (3, 4), (3, 13), (3, 22), (4, 2), (4, 5), (5, 6), (5, 7), (5, 13), (6, 4), (6, 7), (6, 19), (6, 29), (7, 5), (7, 8), (8, 9), (8, 10), (9, 10), (9, 13), (9, 16), (10, 3), (10, 8), (10, 11), (11, 12), (11, 13), (11, 17), (11, 22), (12, 13), (12, 15), (13, 11), (13, 14), (13, 24), (14, 15), (14, 16), (15, 16), (16, 14), (16, 17), (17, 18), (17, 19), (18, 19), (18, 29), (19, 17), (19, 20), (20, 8), (20, 21), (20, 22), (21, 5), (21, 12), (21, 22), (22, 13), (22, 20), (22, 23), (23, 24), (23, 25), (24, 25), (24, 28), (25, 23), (25, 26), (26, 4), (26, 7), (26, 25), (26, 27), (26, 28), (26, 29), (27, 13), (27, 28), (27, 29), (28, 19), (28, 26), (28, 27), (28, 29), (29, 1), (29, 9), (29, 18), (29, 26)]"
116,synthetic_cc50_v30_16,50,50,50,30,78,0,1,"[(0, 2), (2, 3), (2, 4), (2, 15), (3, 1), (3, 4), (4, 2), (4, 5), (4, 18), (5, 1), (5, 6), (5, 7), (6, 2), (6, 3), (6, 5), (6, 7), (6, 25), (7, 5), (7, 8), (7, 19), (8, 5), (8, 9), (8, 10), (9, 10), (10, 8), (10, 11), (11, 12), (11, 13), (11, 29), (12, 13), (12, 22), (12, 24), (13, 11), (13, 14), (14, 15), (14, 16), (15, 16), (15, 28), (16, 7), (16, 8), (16, 14), (16, 17), (16, 25), (17, 13), (17, 18), (17, 19), (18, 19), (19, 17), (19, 20), (20, 21), (20, 22), (21, 22), (21, 25), (22, 20), (22, 23), (23, 24), (23, 25), (24, 19), (24, 25), (25, 14), (25, 17), (25, 23), (25, 26), (26, 27), (26, 28), (26, 29), (27, 13), (27, 23), (27, 28), (27, 29), (28, 1), (28, 26), (28, 29), (29, 1), (29, 8), (29, 10), (29, 26), (29, 27)]"
117,synthetic_cc50_v30_17,50,50,50,30,78,0,1,"[(0, 2), (2, 3), (2, 4), (3, 4), (4, 2), (4, 5), (5, 6), (5, 7), (6, 3), (6, 7), (7, 4), (7, 5), (7, 8), (7, 13), (8, 9), (8, 10), (9, 10), (10, 8), (10, 11), (11, 12), (11, 13), (11, 29), (12, 13), (13, 11), (13, 14), (13, 28), (14, 11), (14, 15), (14, 16), (15, 16), (16, 12), (16, 14), (16, 17), (17, 18), (17, 19), (17, 29), (18, 7), (18, 19), (18, 20), (18, 25), (19, 5), (19, 17), (19, 20), (20, 4), (20, 5), (20, 21), (20, 22), (21, 22), (22, 20), (22, 21), (22, 23), (22, 24), (23, 22), (23, 24), (23, 25), (24, 21), (24, 25), (24, 27), (25, 10), (25, 16), (25, 23), (25, 26), (26, 2), (26, 27), (26, 28), (26, 29), (27, 2), (27, 12), (27, 28), (27, 29), (28, 13), (28, 26), (28, 29), (29, 1), (29, 14), (29, 20), (29, 26), (29, 27)]"
118,synthetic_cc50_v30_18,50,50,50,30,78,0,1,"[(0, 2), (2, 3), (2, 4), (3, 4), (4, 2), (4, 3), (4, 5), (5, 6), (5, 7), (5, 16), (6, 7), (6, 21), (7, 5), (7, 8), (7, 24), (7, 25), (8, 9), (9, 2), (9, 10), (10, 8), (10, 11), (10, 12), (11, 12), (11, 13), (12, 13), (12, 20), (13, 1), (13, 2), (13, 11), (13, 14), (14, 15), (14, 16), (15, 1), (15, 16), (15, 18), (15, 23), (15, 25), (16, 14), (16, 17), (16, 29), (17, 3), (17, 18), (17, 19), (18, 19), (18, 27), (18, 29), (19, 1), (19, 17), (19, 20), (19, 21), (20, 21), (20, 22), (20, 26), (21, 2), (21, 22), (21, 26), (22, 8), (22, 20), (22, 23), (23, 24), (23, 25), (24, 25), (25, 11), (25, 23), (25, 26), (26, 10), (26, 27), (26, 28), (26, 29), (27, 19), (27, 28), (27, 29), (28, 21), (28, 26), (28, 29), (29, 1), (29, 26), (29, 27)]"
119,synthetic_cc50_v30_19,50,50,50,30,78,0,1,"[(0, 2), (2, 3), (2, 4), (2, 21), (3, 4), (3, 9), (4, 2), (4, 5), (5, 3), (5, 6), (5, 7), (6, 7), (7, 5), (7, 8), (7, 19), (8, 9), (8, 10), (9, 10), (10, 8), (10, 11), (10, 12), (11, 12), (11, 13), (11, 28), (12, 3), (12, 13), (13, 3), (13, 11), (13, 14), (14, 5), (14, 15), (14, 16), (14, 22), (15, 16), (16, 2), (16, 14), (16, 17), (16, 28), (17, 4), (17, 6), (17, 18), (17, 19), (18, 7), (18, 19), (19, 13), (19, 17), (19, 20), (20, 21), (20, 22), (20, 27), (21, 10), (21, 15), (21, 22), (22, 3), (22, 20), (22, 23), (23, 24), (23, 25), (23, 26), (24, 3), (24, 5), (24, 20), (24, 25), (25, 23), (25, 26), (26, 21), (26, 27), (26, 28), (26, 29), (27, 24), (27, 28), (27, 29), (28, 20), (28, 26), (28, 29), (29, 1), (29, 26), (29, 27)]"
120,synthetic_cc50_v30_20,50,50,50,30,78,0,1,"[(0, 2), (2, 3), (2, 4), (3, 4), (3, 9), (4, 2), (4, 5), (4, 9), (4, 13), (5, 6), (5, 7), (6, 7), (6, 28), (7, 5), (7, 8), (8, 2), (8, 9), (8, 10), (9, 10), (9, 12), (10, 4), (10, 8), (10, 11), (10, 27), (11, 12), (11, 13), (12, 13), (12, 25), (12, 27), (13, 11), (13, 14), (13, 15), (14, 15), (14, 16), (14, 28), (15, 1), (15, 16), (15, 21), (16, 14), (16, 17), (16, 19), (17, 5), (17, 18), (17, 19), (18, 14), (18, 15), (18, 19), (18, 21), (19, 17), (19, 20), (19, 24), (20, 21), (20, 22), (21, 22), (21, 26), (22, 20), (22, 23), (23, 5), (23, 24), (23, 25), (24, 25), (25, 23), (25, 26), (26, 18), (26, 27), (26, 28), (26, 29), (27, 28), (27, 29), (28, 26), (28, 29), (29, 1), (29, 19), (29, 20), (29, 21), (29, 23), (29, 26), (29, 27)]"
121,synthetic_cc50_v30_21,50,50,50,30,78,0,1,"[(0, 2), (2, 3), (2, 4), (2, 11), (3, 4), (4, 2), (4, 5), (4, 15), (5, 6), (5, 7), (6, 7), (7, 5), (7, 8), (7, 15), (8, 9), (8, 10), (9, 10), (9, 15), (9, 22), (10, 8), (10, 11), (11, 12), (11, 13), (12, 5), (12, 13), (13, 5), (13, 11), (13, 14), (13, 15), (14, 6), (14, 15), (14, 17), (15, 7), (15, 10), (15, 16), (15, 17), (15, 20), (15, 26), (16, 12), (16, 14), (16, 17), (17, 16), (17, 18), (17, 19), (17, 23), (18, 19), (19, 7), (19, 17), (19, 20), (20, 21), (20, 22), (21, 3), (21, 5), (21, 22), (21, 26), (22, 3), (22, 9), (22, 20), (22, 23), (23, 24), (23, 25), (24, 17), (24, 25), (25, 10), (25, 23), (25, 26), (26, 27), (26, 28), (26, 29), (27, 28), (27, 29), (28, 6), (28, 19), (28, 26), (28, 29), (29, 1), (29, 26), (29, 27)]"
122,synthetic_cc50_v30_22,50,50,50,30,78,0,1,"[(0, 2), (2, 3), (2, 4), (3, 4), (3, 29), (4, 2), (4, 5), (5, 2), (5, 4), (5, 6), (5, 7), (5, 10), (5, 25), (6, 7), (7, 5), (7, 8), (7, 27), (8, 9), (9, 8), (9, 10), (10, 5), (10, 8), (10, 11), (11, 12), (11, 13), (11, 29), (12, 13), (12, 19), (13, 11), (13, 14), (13, 19), (13, 26), (14, 15), (14, 16), (14, 24), (15, 16), (15, 20), (16, 6), (16, 14), (16, 17), (16, 22), (17, 12), (17, 13), (17, 15), (17, 18), (17, 19), (17, 20), (18, 19), (19, 3), (19, 17), (19, 20), (20, 21), (20, 22), (20, 26), (21, 22), (21, 27), (22, 20), (22, 23), (23, 9), (23, 13), (23, 15), (23, 17), (23, 24), (23, 25), (24, 25), (25, 23), (25, 26), (25, 28), (26, 27), (26, 28), (26, 29), (27, 23), (27, 28), (27, 29), (28, 26), (28, 29), (29, 1), (29, 26)]"
123,synthetic_cc50_v30_23,50,50,50,30,78,0,1,"[(0, 2), (2, 1), (2, 3), (2, 4), (2, 20), (2, 27), (2, 28), (3, 4), (3, 13), (4, 2), (4, 5), (4, 10), (4, 15), (4, 21), (4, 26), (5, 6), (5, 7), (6, 7), (7, 5), (7, 8), (7, 11), (7, 13), (8, 9), (8, 10), (8, 14), (8, 25), (8, 26), (9, 10), (9, 20), (9, 28), (10, 8), (10, 11), (10, 13), (11, 6), (11, 12), (11, 13), (12, 11), (12, 13), (13, 5), (13, 11), (13, 14), (14, 15), (14, 16), (14, 18), (14, 24), (15, 16), (15, 26), (16, 14), (16, 15), (16, 17), (17, 3), (17, 18), (17, 19), (18, 19), (19, 17), (19, 20), (20, 21), (20, 22), (21, 1), (21, 22), (22, 20), (22, 23), (22, 25), (23, 5), (23, 24), (23, 25), (24, 18), (24, 25), (25, 12), (25, 18), (25, 23), (25, 26), (26, 27), (27, 28), (27, 29), (28, 29), (29, 1), (29, 26)]"
124,synthetic_cc50_v30_24,50,50,50,30,78,0,1,"[(0, 2), (2, 3), (2, 4), (3, 1), (3, 4), (3, 14), (4, 2), (4, 5), (4, 6), (4, 8), (4, 24), (5, 6), (5, 7), (6, 7), (6, 13), (7, 5), (7, 8), (7, 14), (7, 18), (7, 22), (8, 9), (8, 10), (9, 6), (9, 10), (9, 15), (10, 8), (10, 11), (10, 27), (11, 4), (11, 12), (11, 13), (11, 23), (12, 13), (13, 11), (13, 14), (13, 20), (14, 15), (14, 16), (14, 23), (15, 16), (16, 3), (16, 13), (16, 14), (16, 17), (17, 18), (17, 19), (17, 22), (18, 19), (18, 24), (19, 17), (19, 20), (20, 21), (20, 22), (21, 22), (21, 28), (22, 20), (22, 23), (23, 13), (23, 20), (23, 24), (23, 25), (24, 20), (24, 25), (25, 22), (25, 23), (25, 26), (26, 7), (26, 27), (26, 28), (26, 29), (27, 28), (27, 29), (28, 26), (28, 29), (29, 1), (29, 10), (29, 26), (29, 27)]"
125,synthetic_cc50_v30_25,50,50,50,30,78,0,1,"[(0, 2), (2, 1), (2, 3), (2, 4), (2, 9), (2, 22), (2, 23), (3, 4), (4, 2), (4, 5), (5, 6), (5, 7), (5, 28), (6, 7), (7, 5), (7, 8), (8, 7), (8, 9), (8, 10), (9, 3), (9, 10), (10, 8), (10, 11), (11, 5), (11, 12), (11, 13), (11, 17), (12, 13), (13, 11), (13, 14), (13, 21), (14, 15), (14, 16), (14, 20), (15, 16), (16, 14), (16, 17), (17, 15), (17, 18), (17, 19), (18, 19), (18, 21), (19, 10), (19, 17), (19, 20), (19, 27), (20, 7), (20, 21), (20, 22), (21, 3), (21, 22), (21, 28), (22, 20), (22, 23), (22, 28), (23, 1), (23, 18), (23, 24), (23, 25), (24, 15), (24, 25), (25, 23), (25, 26), (26, 27), (26, 28), (26, 29), (27, 19), (27, 28), (27, 29), (28, 1), (28, 6), (28, 26), (28, 29), (29, 1), (29, 15), (29, 18), (29, 26), (29, 27)]"
126,synthetic_cc50_v30_26,50,50,50,30,78,0,1,"[(0, 2), (2, 3), (2, 4), (2, 17), (2, 19), (3, 4), (3, 27), (4, 2), (4, 5), (4, 11), (4, 28), (5, 6), (5, 7), (5, 27), (6, 7), (7, 5), (7, 8), (8, 9), (8, 10), (9, 10), (9, 28), (10, 8), (10, 11), (11, 12), (11, 13), (12, 13), (12, 14), (12, 28), (13, 11), (13, 12), (13, 14), (14, 2), (14, 15), (14, 16), (15, 16), (16, 14), (16, 17), (16, 22), (16, 23), (17, 18), (17, 19), (17, 22), (18, 19), (19, 16), (19, 17), (19, 20), (19, 26), (20, 11), (20, 21), (20, 22), (21, 4), (21, 22), (22, 11), (22, 15), (22, 20), (22, 23), (23, 3), (23, 24), (23, 25), (24, 21), (24, 25), (24, 28), (25, 23), (25, 26), (26, 15), (26, 27), (26, 28), (26, 29), (27, 8), (27, 22), (27, 26), (27, 28), (27, 29), (28, 26), (28, 29), (29, 1), (29, 26), (29, 27)]"
127,synthetic_cc50_v30_27,50,50,50,30,78,0,1,"[(0, 2), (2, 3), (2, 4), (2, 27), (3, 4), (3, 9), (3, 17), (4, 2), (4, 5), (4, 12), (4, 29), (5, 6), (5, 7), (6, 7), (6, 25), (7, 5), (7, 8), (7, 11), (8, 2), (8, 9), (8, 10), (9, 10), (10, 8), (10, 11), (10, 22), (10, 28), (11, 7), (11, 12), (11, 13), (11, 19), (12, 13), (13, 5), (13, 10), (13, 11), (13, 14), (14, 10), (14, 15), (14, 16), (15, 16), (16, 6), (16, 14), (16, 17), (17, 18), (17, 19), (18, 8), (18, 12), (18, 19), (18, 29), (19, 2), (19, 4), (19, 6), (19, 17), (19, 20), (20, 21), (20, 22), (21, 6), (21, 22), (22, 20), (22, 23), (23, 24), (23, 25), (24, 25), (25, 21), (25, 23), (25, 26), (26, 7), (26, 23), (26, 27), (26, 28), (26, 29), (27, 12), (27, 28), (27, 29), (28, 26), (28, 29), (29, 1), (29, 26), (29, 27)]"
128,synthetic_cc50_v30_28,50,50,50,30,78,0,1,"[(0, 2), (2, 3), (2, 4), (2, 5), (3, 4), (3, 14), (4, 2), (4, 5), (4, 8), (5, 6), (5, 7), (6, 7), (7, 5), (7, 8), (7, 18), (8, 1), (8, 9), (8, 10), (9, 10), (10, 8), (10, 11), (11, 12), (11, 13), (12, 7), (12, 13), (13, 11), (13, 14), (13, 24), (14, 15), (14, 16), (15, 13), (15, 16), (15, 19), (16, 14), (16, 17), (17, 18), (17, 19), (18, 4), (18, 19), (19, 9), (19, 11), (19, 17), (19, 20), (20, 21), (20, 22), (20, 26), (21, 14), (21, 22), (22, 1), (22, 7), (22, 10), (22, 20), (22, 23), (23, 20), (23, 24), (23, 25), (24, 3), (24, 22), (24, 25), (25, 7), (25, 23), (25, 26), (26, 27), (26, 28), (26, 29), (27, 13), (27, 19), (27, 28), (27, 29), (28, 8), (28, 12), (28, 26), (28, 29), (29, 1), (29, 13), (29, 18), (29, 26), (29, 27)]"
129,synthetic_cc50_v30_29,50,50,50,30,78,0,1,"[(0, 2), (2, 3), (2, 4), (3, 4), (4, 2), (4, 5), (4, 9), (5, 6), (5, 7), (5, 8), (5, 11), (6, 7), (6, 12), (6, 16), (6, 23), (7, 5), (7, 8), (7, 17), (8, 9), (8, 10), (8, 21), (9, 10), (9, 26), (10, 8), (10, 11), (11, 12), (11, 13), (12, 13), (12, 24), (13, 7), (13, 10), (13, 11), (13, 14), (14, 15), (14, 16), (15, 16), (16, 14), (16, 17), (16, 24), (17, 18), (17, 19), (17, 28), (18, 14), (18, 19), (19, 17), (19, 20), (20, 21), (20, 22), (21, 17), (21, 22), (21, 25), (22, 13), (22, 20), (22, 23), (23, 24), (23, 25), (24, 25), (24, 26), (25, 1), (25, 3), (25, 7), (25, 11), (25, 15), (25, 21), (25, 23), (25, 26), (26, 4), (26, 27), (26, 28), (26, 29), (27, 28), (27, 29), (28, 4), (28, 26), (28, 29), (29, 1), (29, 26), (29, 27)]"
130,synthetic_cc50_v30_30,50,50,50,30,78,0,1,"[(0, 2), (2, 3), (2, 4), (3, 2), (3, 4), (3, 24), (4, 2), (4, 3), (4, 5), (5, 6), (5, 7), (6, 7), (6, 9), (7, 5), (7, 8), (7, 13), (8, 9), (8, 10), (9, 10), (10, 8), (10, 11), (11, 12), (11, 13), (11, 14), (12, 13), (13, 9), (13, 11), (13, 14), (13, 28), (14, 15), (14, 16), (14, 21), (15, 16), (15, 28), (16, 14), (16, 17), (16, 25), (17, 15), (17, 18), (17, 19), (17, 28), (18, 7), (18, 19), (18, 25), (19, 17), (19, 20), (20, 2), (20, 11), (20, 21), (20, 22), (21, 10), (21, 22), (21, 28), (22, 6), (22, 20), (22, 23), (23, 24), (23, 25), (24, 25), (24, 26), (25, 3), (25, 8), (25, 23), (25, 26), (25, 29), (26, 2), (26, 13), (26, 27), (26, 28), (26, 29), (27, 28), (27, 29), (28, 26), (28, 29), (29, 1), (29, 26), (29, 27), (29, 28)]"
131,synthetic_cc50_v30_31,50,50,50,30,78,0,1,"[(0, 2), (2, 3), (2, 4), (3, 4), (3, 29), (4, 2), (4, 5), (4, 21), (5, 6), (5, 7), (5, 17), (5, 24), (6, 2), (6, 7), (6, 8), (7, 5), (7, 8), (8, 9), (8, 10), (9, 8), (9, 10), (9, 26), (10, 8), (10, 11), (11, 12), (11, 13), (11, 17), (11, 20), (12, 13), (13, 10), (13, 11), (13, 14), (14, 10), (14, 15), (14, 16), (15, 2), (15, 16), (16, 14), (16, 17), (17, 4), (17, 18), (17, 19), (17, 20), (18, 19), (19, 5), (19, 17), (19, 20), (20, 9), (20, 21), (20, 22), (21, 10), (21, 22), (22, 6), (22, 13), (22, 20), (22, 23), (22, 26), (23, 24), (23, 25), (24, 18), (24, 25), (24, 28), (25, 23), (25, 26), (26, 4), (26, 9), (26, 27), (26, 28), (26, 29), (27, 14), (27, 28), (27, 29), (28, 26), (28, 29), (29, 1), (29, 2), (29, 4), (29, 26)]"
132,synthetic_cc50_v30_32,50,50,50,30,78,0,1,"[(0, 2), (2, 3), (2, 4), (3, 4), (3, 22), (3, 25), (4, 2), (4, 5), (4, 29), (5, 6), (5, 7), (5, 10), (5, 18), (6, 7), (6, 18), (7, 5), (7, 8), (7, 27), (8, 9), (8, 10), (8, 14), (9, 10), (10, 4), (10, 8), (10, 11), (10, 23), (11, 7), (11, 12), (11, 13), (12, 13), (13, 11), (13, 14), (13, 22), (14, 15), (14, 16), (15, 16), (16, 9), (16, 14), (16, 17), (17, 10), (17, 18), (17, 19), (18, 11), (18, 14), (18, 19), (19, 10), (19, 17), (19, 20), (19, 27), (20, 7), (20, 21), (20, 22), (21, 11), (21, 12), (21, 22), (22, 12), (22, 20), (22, 23), (23, 24), (23, 25), (24, 25), (25, 22), (25, 23), (25, 26), (26, 2), (26, 27), (26, 28), (26, 29), (27, 15), (27, 28), (27, 29), (28, 1), (28, 7), (28, 11), (28, 17), (28, 29), (29, 1), (29, 26)]"
133,synthetic_cc50_v30_33,50,50,50,30,78,0,1,"[(0, 2), (2, 3), (2, 4), (2, 12), (3, 4), (3, 17), (3, 18), (3, 19), (4, 2), (4, 5), (5, 6), (5, 7), (6, 7), (7, 5), (7, 8), (7, 14), (7, 20), (8, 9), (8, 10), (9, 4), (9, 10), (10, 8), (10, 11), (10, 17), (11, 12), (11, 13), (12, 10), (12, 13), (13, 11), (13, 14), (13, 15), (14, 6), (14, 15), (14, 16), (15, 16), (16, 14), (16, 17), (16, 29), (17, 8), (17, 18), (17, 19), (18, 4), (18, 9), (18, 17), (18, 19), (19, 17), (19, 20), (19, 21), (20, 6), (20, 15), (20, 21), (20, 22), (21, 22), (22, 17), (22, 20), (22, 23), (22, 24), (23, 24), (23, 25), (24, 25), (25, 23), (25, 24), (25, 26), (25, 28), (26, 13), (26, 24), (26, 27), (26, 28), (26, 29), (27, 28), (27, 29), (28, 26), (28, 29), (29, 1), (29, 12), (29, 16), (29, 26), (29, 27)]"
134,synthetic_cc50_v30_34,50,50,50,30,78,0,1,"[(0, 2), (2, 3), (2, 4), (2, 9), (3, 4), (3, 5), (3, 19), (4, 2), (4, 5), (4, 23), (4, 29), (5, 6), (5, 7), (5, 29), (6, 5), (6, 7), (7, 5), (7, 8), (7, 27), (8, 9), (8, 10), (9, 7), (9, 10), (9, 11), (9, 14), (10, 8), (10, 11), (11, 12), (11, 13), (11, 29), (12, 13), (13, 11), (13, 14), (13, 23), (14, 15), (14, 16), (15, 12), (15, 16), (15, 18), (15, 28), (16, 14), (16, 17), (17, 18), (17, 19), (18, 19), (19, 17), (19, 20), (20, 8), (20, 10), (20, 21), (20, 22), (21, 22), (22, 20), (22, 23), (22, 28), (23, 24), (23, 25), (23, 27), (24, 25), (24, 26), (24, 28), (25, 6), (25, 8), (25, 16), (25, 23), (25, 26), (25, 28), (26, 27), (26, 28), (26, 29), (27, 19), (27, 20), (27, 22), (27, 28), (27, 29), (28, 29), (29, 1), (29, 27)]"
135,synthetic_cc50_v30_35,50,50,50,30,78,0,1,"[(0, 2), (2, 3), (2, 4), (3, 1), (3, 4), (3, 6), (3, 7), (4, 2), (4, 5), (5, 6), (5, 7), (5, 9), (5, 10), (5, 15), (6, 7), (6, 16), (7, 5), (7, 8), (8, 9), (8, 10), (9, 10), (10, 8), (10, 11), (11, 6), (11, 12), (11, 13), (11, 21), (11, 24), (12, 10), (12, 13), (12, 19), (13, 11), (13, 12), (13, 14), (14, 15), (14, 16), (15, 16), (16, 14), (16, 17), (17, 18), (17, 19), (18, 8), (18, 19), (18, 21), (19, 17), (19, 20), (20, 18), (20, 21), (20, 22), (21, 1), (21, 6), (21, 18), (21, 22), (22, 10), (22, 16), (22, 20), (22, 23), (23, 1), (23, 3), (23, 13), (23, 24), (23, 25), (24, 25), (25, 23), (25, 26), (26, 1), (26, 27), (26, 28), (26, 29), (27, 3), (27, 28), (27, 29), (28, 26), (28, 29), (29, 1), (29, 22), (29, 26), (29, 27)]"
136,synthetic_cc50_v30_36,50,50,50,30,78,0,1,"[(0, 2), (2, 3), (2, 4), (2, 6), (2, 23), (2, 25), (3, 4), (3, 22), (4, 2), (4, 5), (4, 24), (5, 6), (5, 7), (6, 7), (7, 5), (7, 8), (7, 10), (7, 11), (8, 9), (8, 10), (8, 26), (9, 10), (10, 8), (10, 11), (11, 12), (11, 13), (11, 18), (12, 4), (12, 13), (13, 11), (13, 14), (14, 15), (14, 16), (14, 17), (15, 16), (16, 14), (16, 17), (17, 18), (17, 19), (18, 5), (18, 9), (18, 19), (18, 28), (19, 17), (19, 20), (20, 1), (20, 14), (20, 21), (20, 22), (21, 18), (21, 22), (21, 24), (22, 20), (22, 23), (23, 8), (23, 18), (23, 24), (23, 25), (24, 3), (24, 15), (24, 21), (24, 25), (25, 23), (25, 26), (26, 27), (26, 28), (26, 29), (27, 4), (27, 28), (27, 29), (28, 1), (28, 9), (28, 26), (28, 29), (29, 1), (29, 12), (29, 26), (29, 27)]"
137,synthetic_cc50_v30_37,50,50,50,30,78,0,1,"[(0, 2), (2, 3), (2, 4), (2, 16), (3, 4), (3, 6), (3, 22), (4, 2), (4, 5), (5, 6), (5, 12), (5, 22), (6, 4), (6, 5), (6, 7), (6, 29), (7, 5), (7, 8), (8, 9), (8, 10), (9, 10), (10, 8), (10, 11), (11, 3), (11, 4), (11, 12), (11, 13), (12, 13), (12, 27), (13, 1), (13, 11), (13, 14), (14, 15), (14, 16), (15, 16), (16, 14), (16, 17), (17, 18), (17, 19), (17, 29), (18, 9), (18, 19), (18, 26), (19, 17), (19, 20), (19, 23), (20, 21), (20, 22), (21, 5), (21, 6), (21, 22), (22, 12), (22, 20), (22, 23), (22, 27), (23, 12), (23, 18), (23, 24), (23, 25), (24, 1), (24, 18), (24, 25), (24, 28), (24, 29), (25, 23), (25, 26), (26, 27), (26, 28), (26, 29), (27, 28), (27, 29), (28, 26), (28, 29), (29, 1), (29, 6), (29, 15), (29, 26), (29, 27)]"
138,synthetic_cc50_v30_38,50,50,50,30,78,0,1,"[(0, 2), (2, 3), (2, 4), (3, 4), (4, 2), (4, 5), (4, 29), (5, 6), (5, 7), (6, 7), (6, 12), (6, 15), (7, 5), (7, 8), (8, 9), (8, 10), (8, 15), (9, 10), (10, 8), (10, 11), (10, 15), (10, 25), (11, 12), (11, 13), (11, 23), (11, 28), (12, 13), (12, 22), (13, 11), (13, 14), (14, 3), (14, 15), (14, 16), (14, 28), (15, 4), (15, 16), (15, 17), (16, 14), (16, 17), (17, 15), (17, 18), (17, 19), (18, 4), (18, 8), (18, 11), (18, 19), (18, 28), (19, 2), (19, 4), (19, 14), (19, 17), (19, 20), (20, 6), (20, 21), (20, 22), (20, 28), (20, 29), (21, 4), (21, 9), (21, 11), (21, 22), (22, 20), (22, 23), (22, 29), (23, 24), (23, 25), (24, 19), (24, 23), (24, 25), (25, 8), (25, 23), (25, 26), (26, 27), (27, 28), (27, 29), (28, 27), (28, 29), (29, 1)]"
139,synthetic_cc50_v30_39,50,50,50,30,78,0,1,"[(0, 2), (2, 3), (2, 4), (2, 11), (2, 19), (3, 4), (4, 2), (4, 5), (5, 4), (5, 6), (5, 7), (5, 20), (5, 22), (5, 29), (6, 7), (7, 5), (7, 8), (8, 9), (8, 10), (8, 15), (9, 3), (9, 10), (9, 24), (10, 8), (10, 11), (10, 26), (11, 12), (11, 13), (11, 22), (12, 13), (13, 11), (13, 14), (14, 15), (14, 16), (14, 28), (15, 16), (15, 29), (16, 9), (16, 14), (16, 17), (17, 5), (17, 18), (17, 19), (17, 29), (18, 19), (18, 29), (19, 17), (19, 20), (20, 17), (20, 21), (20, 22), (21, 9), (21, 14), (21, 22), (22, 2), (22, 19), (22, 20), (22, 23), (22, 25), (23, 6), (23, 7), (23, 24), (23, 25), (24, 25), (25, 20), (25, 23), (25, 26), (26, 27), (26, 28), (26, 29), (27, 10), (27, 26), (27, 28), (27, 29), (28, 29), (29, 1), (29, 26), (29, 27)]"
140,synthetic_cc50_v30_40,50,50,50,30,78,0,1,"[(0, 2), (2, 3), (2, 4), (3, 2), (3, 4), (3, 8), (4, 2), (4, 5), (4, 22), (5, 6), (5, 7), (5, 28), (6, 7), (6, 23), (7, 5), (7, 8), (7, 11), (8, 9), (8, 10), (9, 10), (9, 11), (9, 14), (9, 24), (10, 4), (10, 5), (10, 8), (10, 11), (10, 15), (10, 18), (10, 27), (11, 12), (11, 13), (11, 23), (12, 5), (12, 13), (12, 17), (13, 11), (13, 14), (14, 13), (14, 15), (14, 16), (15, 16), (16, 14), (16, 17), (17, 18), (17, 19), (18, 16), (18, 19), (19, 6), (19, 17), (19, 20), (20, 21), (20, 22), (21, 22), (22, 20), (22, 23), (23, 21), (23, 24), (23, 25), (24, 7), (24, 11), (24, 14), (24, 25), (25, 23), (25, 26), (26, 5), (26, 27), (26, 28), (26, 29), (27, 1), (27, 21), (27, 28), (27, 29), (28, 26), (28, 29), (29, 1), (29, 26), (29, 27)]"
141,synthetic_cc50_v30_41,50,50,50,30,78,0,1,"[(0, 2), (2, 3), (2, 4), (2, 26), (3, 4), (3, 28), (4, 2), (4, 5), (5, 6), (5, 7), (6, 1), (6, 7), (6, 16), (6, 23), (7, 5), (7, 8), (8, 2), (8, 9), (8, 10), (9, 10), (9, 12), (10, 8), (10, 11), (11, 12), (11, 13), (11, 29), (12, 5), (12, 13), (12, 21), (13, 11), (13, 14), (13, 22), (14, 11), (14, 15), (14, 16), (15, 16), (15, 20), (16, 2), (16, 14), (16, 17), (17, 18), (17, 19), (18, 4), (18, 14), (18, 19), (19, 5), (19, 17), (19, 20), (20, 21), (20, 22), (21, 1), (21, 22), (22, 18), (22, 20), (22, 23), (22, 25), (23, 22), (23, 24), (23, 25), (24, 16), (24, 19), (24, 25), (25, 2), (25, 22), (25, 23), (25, 26), (26, 27), (26, 28), (26, 29), (27, 7), (27, 28), (27, 29), (28, 26), (28, 29), (29, 1), (29, 18), (29, 26), (29, 27)]"
142,synthetic_cc50_v30_42,50,50,50,30,78,0,1,"[(0, 2), (2, 3), (2, 4), (2, 19), (3, 4), (3, 28), (3, 29), (4, 2), (4, 5), (5, 3), (5, 6), (5, 7), (5, 24), (6, 7), (6, 12), (6, 13), (6, 24), (6, 27), (7, 5), (7, 8), (7, 24), (8, 9), (8, 10), (9, 10), (10, 8), (10, 11), (10, 29), (11, 5), (11, 12), (11, 13), (12, 3), (12, 13), (12, 26), (13, 11), (13, 14), (14, 9), (14, 15), (14, 16), (15, 16), (16, 3), (16, 14), (16, 17), (17, 1), (17, 18), (17, 19), (18, 19), (19, 17), (19, 20), (20, 10), (20, 21), (20, 22), (20, 29), (21, 13), (21, 22), (21, 26), (22, 18), (22, 20), (22, 23), (23, 24), (23, 25), (23, 26), (23, 29), (24, 5), (24, 25), (25, 5), (25, 14), (25, 15), (25, 23), (25, 26), (26, 4), (26, 8), (26, 25), (26, 27), (26, 28), (26, 29), (27, 28), (28, 29), (29, 1)]"
143,synthetic_cc50_v30_43,50,50,50,30,78,0,1,"[(0, 2), (2, 3), (2, 4), (2, 14), (3, 4), (3, 24), (4, 2), (4, 5), (4, 9), (5, 6), (5, 7), (5, 27), (6, 7), (6, 22), (7, 3), (7, 5), (7, 8), (7, 24), (8, 2), (8, 9), (8, 10), (8, 20), (9, 10), (9, 18), (10, 8), (10, 11), (11, 5), (11, 6), (11, 12), (11, 13), (12, 1), (12, 13), (12, 18), (12, 24), (13, 11), (13, 14), (14, 8), (14, 13), (14, 15), (14, 16), (15, 9), (15, 16), (16, 2), (16, 14), (16, 17), (17, 16), (17, 18), (17, 19), (18, 19), (18, 25), (19, 17), (19, 20), (20, 21), (20, 22), (21, 22), (22, 20), (22, 23), (23, 18), (23, 24), (23, 25), (24, 16), (24, 25), (25, 12), (25, 23), (25, 26), (26, 1), (26, 13), (26, 14), (26, 27), (26, 29), (27, 15), (27, 28), (27, 29), (28, 5), (28, 18), (28, 29), (29, 1), (29, 3)]"
144,synthetic_cc50_v30_44,50,50,50,30,78,0,1,"[(0, 2), (2, 3), (2, 4), (2, 8), (2, 28), (3, 4), (3, 8), (4, 2), (4, 5), (4, 16), (5, 6), (5, 7), (6, 7), (7, 5), (7, 8), (7, 25), (8, 9), (8, 10), (9, 1), (9, 2), (9, 10), (9, 26), (10, 8), (10, 11), (10, 18), (10, 19), (11, 3), (11, 12), (11, 13), (11, 24), (12, 13), (13, 6), (13, 11), (13, 14), (13, 24), (14, 15), (14, 16), (14, 21), (15, 16), (16, 5), (16, 14), (16, 17), (16, 19), (17, 18), (17, 19), (17, 29), (18, 13), (18, 19), (18, 25), (19, 17), (19, 20), (20, 8), (20, 21), (20, 22), (21, 4), (21, 16), (21, 22), (21, 28), (22, 20), (22, 23), (23, 13), (23, 24), (23, 25), (24, 11), (24, 25), (25, 2), (25, 23), (25, 26), (26, 9), (26, 19), (26, 27), (26, 29), (27, 28), (27, 29), (28, 29), (29, 1), (29, 13), (29, 21)]"
145,synthetic_cc50_v30_45,50,50,50,30,78,0,1,"[(0, 2), (2, 3), (2, 4), (3, 4), (3, 8), (3, 26), (4, 2), (4, 5), (4, 20), (5, 6), (5, 7), (6, 7), (7, 5), (7, 8), (8, 9), (8, 10), (8, 17), (8, 18), (9, 10), (9, 15), (10, 8), (10, 11), (11, 12), (11, 13), (11, 15), (11, 17), (12, 2), (12, 13), (13, 11), (13, 14), (13, 21), (14, 15), (14, 16), (14, 27), (15, 16), (15, 20), (15, 24), (15, 26), (16, 14), (16, 17), (17, 14), (17, 18), (17, 19), (18, 19), (19, 17), (19, 18), (19, 20), (19, 23), (20, 2), (20, 11), (20, 21), (20, 22), (21, 4), (21, 18), (21, 22), (22, 20), (22, 23), (23, 9), (23, 15), (23, 24), (23, 25), (24, 25), (25, 2), (25, 23), (25, 26), (26, 12), (26, 19), (26, 27), (26, 28), (26, 29), (27, 28), (27, 29), (28, 25), (28, 26), (28, 29), (29, 1), (29, 11), (29, 26)]"
146,synthetic_cc50_v30_46,50,50,50,30,78,0,1,"[(0, 2), (2, 3), (2, 4), (2, 14), (2, 27), (3, 4), (3, 22), (4, 2), (4, 5), (4, 20), (5, 6), (5, 7), (5, 27), (6, 4), (6, 7), (7, 5), (7, 8), (7, 9), (7, 10), (7, 26), (8, 9), (8, 10), (8, 18), (9, 10), (9, 14), (9, 17), (10, 5), (10, 8), (10, 11), (10, 26), (11, 12), (11, 13), (11, 29), (12, 13), (12, 26), (13, 8), (13, 11), (13, 14), (14, 15), (14, 16), (14, 20), (15, 14), (15, 16), (16, 14), (16, 17), (17, 2), (17, 18), (17, 19), (17, 21), (18, 9), (18, 19), (19, 9), (19, 17), (19, 20), (20, 21), (20, 22), (21, 22), (21, 26), (22, 15), (22, 20), (22, 23), (23, 11), (23, 18), (23, 24), (23, 25), (24, 17), (24, 25), (24, 28), (25, 2), (25, 23), (25, 26), (26, 27), (26, 29), (27, 28), (27, 29), (28, 26), (28, 29), (29, 1)]"
147,synthetic_cc50_v30_47,50,50,50,30,78,0,1,"[(0, 2), (2, 3), (2, 4), (2, 26), (2, 28), (3, 4), (4, 2), (4, 5), (5, 6), (5, 7), (5, 10), (5, 13), (5, 21), (6, 7), (7, 5), (7, 8), (7, 10), (7, 26), (8, 9), (8, 10), (8, 24), (9, 4), (9, 10), (10, 8), (10, 11), (11, 12), (11, 13), (12, 13), (13, 11), (13, 14), (13, 22), (13, 29), (14, 15), (14, 16), (15, 16), (15, 29), (16, 14), (16, 17), (17, 14), (17, 18), (17, 19), (17, 22), (18, 6), (18, 13), (18, 19), (18, 23), (19, 3), (19, 12), (19, 17), (19, 20), (20, 7), (20, 21), (20, 22), (21, 22), (22, 20), (22, 23), (23, 8), (23, 24), (23, 25), (24, 1), (24, 25), (25, 16), (25, 23), (25, 26), (26, 19), (26, 21), (26, 27), (26, 28), (26, 29), (27, 1), (27, 28), (27, 29), (28, 26), (28, 29), (29, 1), (29, 9), (29, 26), (29, 27)]"
148,synthetic_cc50_v30_48,50,50,50,30,78,0,1,"[(0, 2), (2, 3), (2, 4), (3, 4), (4, 1), (4, 2), (4, 5), (5, 6), (5, 7), (5, 11), (6, 7), (6, 13), (7, 5), (7, 8), (7, 29), (8, 7), (8, 9), (8, 10), (8, 11), (9, 10), (9, 20), (10, 8), (10, 11), (10, 16), (10, 26), (10, 28), (11, 12), (11, 13), (11, 27), (12, 13), (13, 4), (13, 11), (13, 12), (13, 14), (14, 15), (14, 16), (15, 3), (15, 11), (15, 16), (15, 20), (15, 28), (16, 14), (16, 17), (16, 24), (16, 25), (17, 4), (17, 18), (17, 19), (17, 21), (18, 19), (19, 17), (19, 20), (20, 21), (20, 22), (21, 22), (21, 24), (22, 17), (22, 20), (22, 23), (23, 20), (23, 22), (23, 24), (23, 25), (24, 8), (24, 25), (25, 12), (25, 16), (25, 23), (25, 26), (26, 27), (26, 28), (26, 29), (27, 28), (27, 29), (28, 29), (29, 1), (29, 26), (29, 27)]"
149,synthetic_cc50_v30_49,50,50,50,30,78,0,1,"[(0, 2), (2, 3), (2, 4), (2, 14), (2, 25), (3, 4), (4, 2), (4, 5), (4, 28), (5, 6), (5, 7), (5, 17), (6, 7), (7, 5), (7, 8), (7, 27), (8, 9), (8, 10), (8, 13), (8, 14), (9, 10), (10, 8), (10, 11), (11, 1), (11, 12), (11, 13), (11, 21), (11, 23), (12, 1), (12, 13), (13, 11), (13, 14), (14, 15), (14, 16), (14, 20), (15, 10), (15, 16), (16, 14), (16, 17), (16, 21), (17, 18), (17, 19), (18, 1), (18, 15), (18, 19), (19, 17), (19, 20), (20, 21), (20, 22), (21, 2), (21, 5), (21, 22), (21, 24), (22, 20), (22, 23), (23, 10), (23, 12), (23, 24), (23, 25), (23, 27), (24, 25), (25, 2), (25, 23), (25, 26), (26, 11), (26, 27), (26, 28), (26, 29), (27, 28), (27, 29), (28, 6), (28, 10), (28, 26), (28, 29), (29, 1), (29, 7), (29, 9), (29, 26)]"
150,synthetic_cc50_v30_50,50,50,50,30,78,0,1,"[(0, 2), (2, 3), (2, 4), (2, 9), (2, 25), (2, 28), (3, 4), (4, 2), (4, 5), (5, 6), (5, 7), (6, 7), (6, 15), (6, 25), (7, 5), (7, 8), (8, 9), (8, 10), (8, 23), (9, 2), (9, 10), (9, 15), (9, 22), (9, 23), (10, 8), (10, 11), (10, 29), (11, 12), (11, 13), (12, 8), (12, 13), (13, 11), (13, 14), (14, 15), (14, 16), (14, 18), (15, 11), (15, 16), (16, 7), (16, 14), (16, 17), (16, 29), (17, 18), (17, 19), (17, 20), (17, 29), (18, 11), (18, 19), (19, 4), (19, 13), (19, 17), (19, 20), (19, 22), (20, 6), (20, 21), (20, 22), (21, 4), (21, 5), (21, 22), (22, 19), (22, 20), (22, 23), (23, 24), (23, 25), (24, 25), (25, 23), (25, 26), (26, 27), (26, 29), (27, 28), (27, 29), (28, 5), (28, 16), (28, 29), (29, 1), (29, 9), (29, 15), (29, 26)]"
151,synthetic_cc50_v30_51,50,50,50,30,78,0,1,"[(0, 2), (2, 3), (2, 4), (2, 13), (3, 4), (3, 11), (4, 2), (4, 5), (4, 18), (5, 6), (5, 7), (6, 7), (7, 3), (7, 5), (7, 8), (7, 25), (7, 28), (8, 9), (8, 10), (9, 10), (9, 16), (9, 22), (10, 8), (10, 11), (11, 12), (11, 13), (12, 5), (12, 13), (12, 15), (13, 2), (13, 5), (13, 11), (13, 14), (14, 10), (14, 15), (14, 16), (15, 16), (16, 14), (16, 17), (17, 18), (17, 19), (17, 24), (18, 19), (19, 17), (19, 20), (19, 22), (20, 21), (20, 22), (20, 27), (21, 4), (21, 11), (21, 16), (21, 22), (21, 29), (22, 20), (22, 23), (22, 27), (23, 24), (23, 25), (24, 1), (24, 25), (25, 12), (25, 23), (25, 26), (26, 5), (26, 20), (26, 27), (26, 28), (26, 29), (27, 28), (27, 29), (28, 2), (28, 26), (28, 29), (29, 1), (29, 22), (29, 26), (29, 27)]"
152,synthetic_cc50_v30_52,50,50,50,30,78,0,1,"[(0, 2), (2, 3), (2, 4), (2, 14), (3, 4), (4, 2), (4, 5), (4, 26), (5, 6), (5, 7), (6, 7), (6, 11), (7, 5), (7, 8), (7, 17), (7, 21), (7, 23), (8, 9), (8, 10), (9, 7), (9, 10), (9, 28), (10, 8), (10, 11), (10, 13), (11, 8), (11, 12), (11, 13), (12, 13), (13, 9), (13, 11), (13, 14), (13, 24), (14, 12), (14, 15), (14, 16), (15, 16), (15, 19), (15, 20), (16, 14), (16, 17), (17, 18), (17, 19), (18, 6), (18, 13), (18, 19), (19, 17), (19, 20), (20, 3), (20, 13), (20, 21), (20, 22), (21, 18), (21, 22), (22, 2), (22, 9), (22, 17), (22, 20), (22, 23), (23, 12), (23, 24), (23, 25), (24, 25), (25, 23), (25, 26), (26, 4), (26, 27), (26, 28), (26, 29), (27, 5), (27, 13), (27, 28), (27, 29), (28, 26), (28, 29), (29, 1), (29, 26), (29, 27)]"
153,synthetic_cc50_v30_53,50,50,50,30,78,0,1,"[(0, 2), (2, 3), (2, 4), (2, 11), (3, 4), (3, 7), (3, 18), (4, 2), (4, 5), (4, 6), (4, 8), (5, 6), (5, 7), (5, 17), (6, 7), (7, 4), (7, 5), (7, 8), (7, 10), (7, 19), (8, 9), (8, 10), (9, 10), (9, 19), (10, 8), (10, 11), (10, 25), (11, 12), (11, 13), (12, 13), (13, 11), (13, 14), (13, 26), (14, 15), (14, 16), (15, 10), (15, 16), (16, 1), (16, 14), (16, 17), (16, 26), (16, 29), (17, 9), (17, 18), (17, 19), (17, 24), (18, 19), (19, 17), (19, 20), (20, 21), (20, 22), (21, 4), (21, 22), (21, 27), (22, 11), (22, 20), (22, 23), (22, 25), (23, 24), (23, 25), (24, 25), (25, 23), (25, 26), (26, 15), (26, 16), (26, 21), (26, 27), (26, 28), (26, 29), (27, 7), (27, 11), (27, 28), (28, 11), (28, 27), (28, 29), (29, 1), (29, 7), (29, 27)]"
154,synthetic_cc50_v30_54,50,50,50,30,78,0,1,"[(0, 2), (2, 3), (2, 4), (2, 13), (3, 4), (4, 2), (4, 5), (4, 21), (4, 24), (5, 6), (5, 7), (5, 23), (6, 7), (6, 15), (6, 24), (7, 5), (7, 8), (7, 15), (7, 18), (8, 2), (8, 9), (8, 10), (8, 11), (8, 26), (9, 3), (9, 10), (10, 8), (10, 11), (11, 12), (11, 13), (11, 25), (12, 13), (13, 4), (13, 11), (13, 14), (14, 11), (14, 15), (14, 16), (15, 16), (16, 12), (16, 14), (16, 17), (16, 19), (17, 18), (17, 19), (18, 19), (19, 2), (19, 17), (19, 20), (20, 21), (20, 22), (21, 22), (22, 20), (22, 23), (23, 21), (23, 24), (23, 25), (24, 25), (25, 16), (25, 19), (25, 23), (25, 26), (25, 28), (26, 5), (26, 9), (26, 27), (26, 28), (26, 29), (27, 28), (27, 29), (28, 15), (28, 16), (28, 25), (28, 26), (28, 29), (29, 1), (29, 26), (29, 27)]"
155,synthetic_cc50_v30_55,50,50,50,30,78,0,1,"[(0, 2), (2, 3), (2, 4), (3, 4), (3, 16), (4, 2), (4, 5), (4, 14), (5, 6), (5, 7), (6, 7), (7, 4), (7, 5), (7, 8), (7, 18), (8, 6), (8, 9), (8, 10), (9, 10), (10, 8), (10, 11), (11, 12), (11, 13), (11, 24), (12, 9), (12, 13), (13, 8), (13, 11), (13, 14), (14, 7), (14, 15), (14, 16), (14, 22), (15, 4), (15, 8), (15, 12), (15, 16), (15, 25), (16, 7), (16, 14), (16, 17), (16, 22), (17, 18), (17, 19), (18, 19), (19, 3), (19, 17), (19, 18), (19, 20), (20, 21), (20, 22), (21, 18), (21, 22), (22, 10), (22, 20), (22, 23), (23, 11), (23, 24), (23, 25), (24, 25), (25, 2), (25, 4), (25, 23), (25, 26), (26, 19), (26, 27), (26, 28), (26, 29), (27, 28), (27, 29), (28, 26), (28, 27), (28, 29), (29, 1), (29, 4), (29, 7), (29, 26), (29, 27)]"
156,synthetic_cc50_v30_56,50,50,50,30,78,0,1,"[(0, 2), (2, 3), (2, 4), (2, 27), (3, 4), (4, 2), (4, 5), (4, 7), (5, 4), (5, 6), (5, 7), (6, 7), (6, 12), (6, 26), (7, 3), (7, 5), (7, 8), (7, 16), (7, 23), (8, 3), (8, 9), (8, 10), (9, 10), (9, 28), (10, 8), (10, 11), (11, 12), (11, 13), (12, 10), (12, 13), (12, 15), (12, 21), (13, 11), (13, 14), (14, 13), (14, 15), (14, 16), (15, 1), (15, 3), (15, 16), (16, 12), (16, 14), (16, 17), (17, 13), (17, 18), (17, 19), (18, 19), (19, 17), (19, 20), (20, 8), (20, 21), (20, 22), (21, 7), (21, 18), (21, 22), (22, 20), (22, 23), (23, 24), (23, 25), (24, 18), (24, 25), (24, 27), (25, 9), (25, 21), (25, 23), (25, 26), (25, 28), (26, 3), (26, 12), (26, 27), (26, 28), (26, 29), (27, 8), (27, 28), (27, 29), (28, 26), (28, 29), (29, 1)]"
157,synthetic_cc50_v30_57,50,50,50,30,78,0,1,"[(0, 2), (2, 3), (2, 4), (3, 2), (3, 4), (3, 29), (4, 2), (4, 5), (4, 7), (5, 6), (5, 7), (5, 19), (6, 7), (6, 9), (6, 14), (6, 27), (7, 5), (7, 8), (8, 6), (8, 9), (8, 10), (9, 10), (9, 11), (10, 8), (10, 11), (11, 12), (11, 13), (11, 23), (12, 1), (12, 9), (12, 13), (12, 24), (13, 9), (13, 11), (13, 14), (14, 15), (14, 16), (15, 16), (16, 14), (16, 17), (16, 20), (16, 25), (16, 27), (17, 8), (17, 18), (17, 19), (18, 8), (18, 19), (19, 17), (19, 20), (19, 23), (20, 21), (20, 22), (20, 25), (21, 22), (21, 25), (22, 19), (22, 20), (22, 23), (23, 3), (23, 24), (23, 25), (24, 12), (24, 25), (25, 23), (25, 26), (26, 18), (26, 27), (26, 28), (26, 29), (27, 5), (27, 28), (27, 29), (28, 26), (28, 29), (29, 1), (29, 26), (29, 27)]"
158,synthetic_cc50_v30_58,50,50,50,30,78,0,1,"[(0, 2), (2, 3), (2, 4), (2, 13), (2, 23), (3, 4), (3, 7), (4, 2), (4, 5), (4, 8), (4, 10), (5, 6), (5, 7), (6, 7), (7, 5), (7, 8), (7, 14), (8, 9), (8, 10), (8, 11), (8, 29), (9, 10), (10, 8), (10, 11), (10, 13), (10, 18), (10, 21), (10, 24), (11, 12), (11, 13), (12, 4), (12, 13), (13, 11), (13, 14), (14, 15), (14, 16), (15, 16), (16, 9), (16, 12), (16, 14), (16, 17), (17, 4), (17, 9), (17, 18), (17, 19), (17, 27), (18, 12), (18, 16), (18, 19), (19, 17), (19, 20), (20, 21), (20, 23), (20, 27), (21, 22), (22, 23), (23, 10), (23, 18), (23, 24), (23, 25), (24, 1), (24, 25), (25, 23), (25, 26), (26, 27), (26, 28), (26, 29), (27, 6), (27, 19), (27, 28), (27, 29), (28, 21), (28, 26), (28, 29), (29, 1), (29, 8), (29, 26), (29, 27)]"
159,synthetic_cc50_v30_59,50,50,50,30,78,0,1,"[(0, 2), (2, 1), (2, 3), (2, 4), (3, 4), (4, 2), (4, 5), (4, 21), (5, 6), (5, 7), (6, 7), (6, 12), (7, 5), (7, 8), (8, 5), (8, 9), (8, 10), (9, 10), (9, 14), (10, 8), (10, 9), (10, 11), (11, 12), (11, 13), (11, 20), (12, 6), (12, 13), (12, 28), (13, 11), (13, 14), (14, 15), (14, 16), (14, 25), (14, 26), (15, 16), (15, 24), (16, 6), (16, 14), (16, 17), (16, 21), (17, 7), (17, 18), (17, 19), (17, 28), (18, 17), (18, 19), (19, 17), (19, 20), (20, 21), (20, 22), (21, 1), (21, 3), (21, 7), (21, 22), (21, 28), (22, 5), (22, 14), (22, 20), (22, 23), (23, 24), (23, 25), (24, 11), (24, 25), (25, 23), (25, 26), (26, 14), (26, 27), (26, 28), (26, 29), (27, 13), (27, 28), (27, 29), (28, 26), (28, 29), (29, 1), (29, 3), (29, 26), (29, 27)]"
160,synthetic_cc50_v30_60,50,50,50,30,78,0,1,"[(0, 2), (2, 3), (2, 4), (2, 26), (3, 4), (4, 2), (4, 5), (4, 13), (5, 6), (5, 7), (5, 8), (5, 29), (6, 7), (7, 5), (7, 8), (7, 27), (8, 9), (8, 10), (8, 24), (9, 3), (9, 10), (10, 8), (10, 11), (10, 17), (10, 24), (10, 27), (10, 29), (11, 12), (11, 13), (12, 13), (13, 11), (13, 14), (13, 15), (13, 20), (14, 15), (14, 16), (15, 16), (16, 14), (16, 17), (17, 5), (17, 15), (17, 18), (17, 19), (18, 19), (19, 17), (19, 20), (20, 11), (20, 21), (20, 22), (21, 12), (21, 22), (22, 20), (22, 23), (23, 6), (23, 16), (23, 24), (23, 25), (24, 5), (24, 12), (24, 25), (24, 29), (25, 22), (25, 23), (25, 26), (25, 27), (26, 10), (26, 27), (26, 28), (26, 29), (27, 28), (27, 29), (28, 23), (28, 29), (29, 1), (29, 10), (29, 24), (29, 26), (29, 28)]"
161,synthetic_cc50_v30_61,50,50,50,30,78,0,1,"[(0, 2), (2, 3), (2, 4), (2, 22), (3, 4), (4, 2), (4, 5), (5, 4), (5, 6), (5, 7), (5, 11), (6, 7), (7, 5), (7, 8), (8, 9), (8, 10), (9, 10), (9, 23), (10, 8), (10, 11), (11, 7), (11, 12), (11, 13), (12, 13), (12, 22), (13, 11), (13, 14), (14, 15), (14, 16), (15, 16), (15, 25), (16, 8), (16, 14), (16, 17), (17, 18), (17, 19), (17, 22), (17, 28), (18, 19), (19, 8), (19, 17), (19, 20), (20, 19), (20, 21), (20, 22), (21, 20), (21, 22), (22, 4), (22, 14), (22, 20), (22, 23), (23, 8), (23, 21), (23, 24), (23, 25), (24, 22), (24, 25), (24, 27), (25, 8), (25, 10), (25, 19), (25, 23), (25, 26), (26, 27), (26, 28), (26, 29), (27, 2), (27, 4), (27, 19), (27, 28), (27, 29), (28, 12), (28, 26), (28, 29), (29, 1), (29, 10), (29, 26), (29, 27)]"
162,synthetic_cc50_v30_62,50,50,50,30,78,0,1,"[(0, 2), (2, 3), (2, 4), (2, 27), (3, 4), (4, 2), (4, 5), (4, 12), (5, 6), (5, 7), (5, 16), (6, 7), (6, 18), (6, 26), (7, 5), (7, 8), (7, 19), (8, 9), (8, 10), (8, 13), (9, 4), (9, 10), (9, 21), (10, 1), (10, 6), (10, 11), (11, 12), (11, 13), (11, 18), (11, 20), (12, 13), (13, 1), (13, 7), (13, 11), (13, 14), (14, 15), (14, 16), (14, 27), (15, 16), (15, 19), (16, 7), (16, 14), (16, 17), (16, 19), (16, 29), (17, 18), (17, 19), (18, 3), (18, 14), (18, 19), (19, 17), (19, 20), (20, 5), (20, 11), (20, 21), (20, 22), (21, 22), (22, 1), (22, 20), (22, 23), (23, 24), (23, 25), (24, 25), (24, 29), (25, 23), (25, 26), (26, 4), (26, 27), (26, 28), (26, 29), (27, 28), (27, 29), (28, 3), (28, 24), (28, 29), (29, 1), (29, 5), (29, 28)]"
163,synthetic_cc50_v30_63,50,50,50,30,78,0,1,"[(0, 2), (2, 3), (2, 4), (2, 15), (3, 4), (3, 21), (4, 2), (4, 5), (5, 2), (5, 6), (5, 7), (5, 21), (6, 7), (6, 17), (7, 5), (7, 8), (7, 12), (8, 2), (8, 9), (8, 10), (8, 24), (9, 10), (10, 8), (10, 11), (11, 9), (11, 12), (11, 13), (11, 22), (12, 13), (13, 11), (13, 14), (14, 3), (14, 15), (14, 16), (14, 24), (15, 12), (15, 16), (16, 14), (16, 17), (16, 22), (17, 18), (17, 19), (18, 10), (18, 19), (19, 3), (19, 17), (19, 20), (19, 29), (20, 13), (20, 21), (20, 22), (21, 22), (22, 6), (22, 9), (22, 20), (22, 23), (22, 26), (23, 6), (23, 24), (23, 25), (24, 8), (24, 9), (24, 20), (24, 25), (25, 23), (25, 24), (25, 26), (26, 27), (26, 28), (26, 29), (27, 24), (27, 28), (27, 29), (28, 10), (28, 29), (29, 1), (29, 2), (29, 9)]"
164,synthetic_cc50_v30_64,50,50,50,30,78,0,1,"[(0, 2), (2, 3), (2, 4), (3, 4), (3, 13), (3, 24), (4, 2), (4, 5), (5, 6), (5, 7), (6, 7), (7, 5), (7, 8), (7, 15), (8, 9), (8, 10), (8, 20), (8, 21), (8, 23), (9, 10), (9, 20), (10, 8), (10, 11), (11, 12), (11, 13), (11, 15), (11, 19), (12, 9), (12, 13), (12, 24), (13, 11), (13, 14), (14, 8), (14, 15), (14, 16), (14, 29), (15, 9), (15, 16), (16, 13), (16, 14), (16, 17), (17, 6), (17, 12), (17, 13), (17, 18), (17, 19), (17, 23), (17, 25), (18, 10), (18, 19), (19, 13), (19, 17), (19, 20), (20, 21), (20, 22), (21, 22), (22, 20), (22, 23), (23, 24), (23, 25), (24, 25), (25, 7), (25, 23), (25, 26), (26, 3), (26, 12), (26, 27), (26, 28), (26, 29), (27, 21), (27, 28), (27, 29), (28, 26), (28, 29), (29, 1), (29, 17), (29, 26), (29, 27)]"
165,synthetic_cc50_v30_65,50,50,50,30,78,0,1,"[(0, 2), (2, 3), (2, 4), (3, 4), (4, 2), (4, 5), (4, 19), (4, 26), (4, 27), (5, 6), (5, 7), (5, 19), (6, 7), (6, 16), (6, 26), (7, 5), (7, 8), (8, 9), (8, 10), (9, 10), (10, 8), (10, 11), (11, 12), (11, 13), (12, 13), (12, 20), (12, 24), (13, 11), (13, 14), (13, 20), (14, 15), (14, 16), (15, 16), (16, 14), (16, 17), (17, 4), (17, 14), (17, 18), (17, 19), (18, 2), (18, 19), (19, 5), (19, 15), (19, 16), (19, 17), (19, 20), (20, 21), (20, 22), (21, 22), (22, 11), (22, 15), (22, 20), (22, 21), (22, 23), (23, 24), (23, 25), (23, 27), (24, 11), (24, 18), (24, 19), (24, 23), (24, 25), (25, 14), (25, 23), (25, 26), (26, 27), (26, 28), (26, 29), (27, 17), (27, 22), (27, 28), (27, 29), (28, 26), (28, 29), (29, 1), (29, 6), (29, 26), (29, 27)]"
166,synthetic_cc50_v30_66,50,50,50,30,78,0,1,"[(0, 2), (2, 3), (2, 4), (2, 10), (3, 1), (3, 4), (3, 8), (3, 18), (3, 19), (4, 2), (4, 5), (5, 6), (5, 7), (5, 18), (5, 29), (6, 3), (6, 7), (7, 5), (7, 8), (8, 9), (8, 10), (9, 10), (10, 8), (10, 11), (11, 12), (11, 13), (12, 11), (12, 13), (13, 11), (13, 14), (14, 10), (14, 15), (14, 16), (14, 21), (14, 26), (15, 16), (15, 21), (16, 8), (16, 14), (16, 17), (17, 1), (17, 13), (17, 18), (17, 19), (17, 25), (17, 29), (18, 19), (19, 8), (19, 17), (19, 20), (20, 21), (20, 22), (21, 22), (21, 28), (22, 9), (22, 20), (22, 23), (23, 4), (23, 24), (23, 25), (24, 22), (24, 25), (25, 1), (25, 12), (25, 18), (25, 23), (25, 26), (26, 19), (26, 27), (26, 28), (26, 29), (27, 28), (27, 29), (28, 26), (28, 29), (29, 1), (29, 26), (29, 27)]"
167,synthetic_cc50_v30_67,50,50,50,30,78,0,1,"[(0, 2), (2, 3), (2, 4), (2, 15), (3, 4), (3, 19), (4, 2), (4, 5), (5, 4), (5, 6), (5, 7), (5, 19), (6, 7), (6, 21), (7, 5), (7, 8), (7, 9), (7, 11), (7, 29), (8, 5), (8, 9), (8, 10), (8, 29), (9, 10), (10, 6), (10, 8), (10, 11), (10, 13), (10, 15), (11, 12), (11, 13), (12, 13), (13, 11), (13, 14), (14, 15), (14, 16), (14, 22), (15, 16), (16, 14), (16, 17), (17, 18), (17, 19), (18, 19), (19, 3), (19, 6), (19, 17), (19, 20), (20, 17), (20, 21), (20, 22), (21, 22), (22, 20), (22, 23), (23, 8), (23, 24), (23, 25), (24, 25), (25, 6), (25, 23), (25, 26), (25, 28), (26, 14), (26, 25), (26, 27), (26, 28), (26, 29), (27, 13), (27, 18), (27, 28), (27, 29), (28, 6), (28, 15), (28, 26), (28, 29), (29, 1), (29, 6), (29, 26), (29, 27)]"
168,synthetic_cc50_v30_68,50,50,50,30,78,0,1,"[(0, 2), (2, 3), (2, 4), (3, 4), (4, 1), (4, 2), (4, 5), (5, 6), (5, 7), (5, 12), (6, 4), (6, 7), (6, 12), (7, 5), (7, 8), (8, 7), (8, 9), (8, 10), (8, 25), (8, 29), (9, 10), (9, 26), (10, 8), (10, 11), (11, 8), (11, 12), (11, 13), (11, 25), (12, 13), (13, 11), (13, 14), (14, 15), (14, 16), (15, 16), (16, 1), (16, 10), (16, 14), (16, 17), (17, 18), (17, 19), (17, 20), (18, 3), (18, 19), (19, 16), (19, 17), (19, 20), (20, 4), (20, 21), (20, 22), (20, 23), (21, 22), (21, 26), (21, 28), (22, 20), (22, 23), (22, 28), (23, 24), (23, 25), (23, 26), (24, 19), (24, 25), (25, 1), (25, 23), (25, 26), (26, 5), (26, 13), (26, 27), (26, 28), (26, 29), (27, 28), (27, 29), (28, 7), (28, 26), (28, 29), (29, 1), (29, 19), (29, 26), (29, 27)]"
169,synthetic_cc50_v30_69,50,50,50,30,78,0,1,"[(0, 2), (2, 3), (2, 4), (2, 5), (2, 20), (3, 4), (3, 12), (4, 2), (4, 5), (5, 6), (5, 7), (5, 28), (6, 7), (7, 5), (7, 8), (7, 20), (8, 9), (8, 10), (8, 20), (9, 3), (9, 10), (9, 21), (10, 8), (10, 11), (10, 24), (11, 8), (11, 12), (11, 13), (12, 13), (13, 11), (13, 14), (14, 1), (14, 15), (14, 16), (14, 21), (14, 25), (15, 16), (15, 21), (16, 4), (16, 14), (16, 17), (16, 18), (17, 8), (17, 18), (17, 19), (18, 19), (18, 29), (19, 17), (19, 20), (20, 21), (20, 22), (21, 10), (21, 14), (21, 22), (22, 4), (22, 13), (22, 20), (22, 23), (23, 14), (23, 24), (23, 25), (23, 26), (24, 25), (25, 12), (25, 23), (25, 26), (26, 27), (26, 28), (26, 29), (27, 28), (27, 29), (28, 22), (28, 26), (28, 29), (29, 1), (29, 16), (29, 26), (29, 27)]"
170,synthetic_cc50_v30_70,50,50,50,30,78,0,1,"[(0, 2), (2, 3), (2, 4), (3, 4), (3, 15), (4, 2), (4, 5), (4, 13), (5, 6), (5, 7), (6, 7), (6, 18), (7, 5), (7, 8), (7, 14), (8, 2), (8, 9), (8, 10), (9, 10), (9, 25), (10, 8), (10, 11), (10, 13), (10, 28), (11, 12), (11, 13), (12, 8), (12, 13), (13, 7), (13, 11), (13, 14), (14, 11), (14, 15), (14, 16), (15, 4), (15, 8), (15, 16), (15, 23), (15, 28), (16, 14), (16, 17), (17, 18), (17, 19), (17, 25), (18, 14), (18, 19), (18, 21), (19, 17), (19, 20), (19, 23), (20, 4), (20, 21), (20, 22), (21, 22), (22, 19), (22, 20), (22, 23), (23, 10), (23, 24), (23, 25), (24, 1), (24, 25), (24, 29), (25, 7), (25, 12), (25, 23), (25, 26), (25, 27), (26, 27), (26, 28), (26, 29), (27, 1), (27, 28), (27, 29), (28, 27), (28, 29), (29, 1), (29, 20)]"
171,synthetic_cc50_v30_71,50,50,50,30,78,0,1,"[(0, 2), (2, 3), (2, 4), (2, 26), (3, 4), (4, 2), (4, 5), (4, 7), (4, 13), (4, 20), (4, 29), (5, 6), (5, 7), (5, 18), (6, 7), (7, 5), (7, 8), (7, 13), (7, 16), (7, 22), (8, 9), (8, 10), (8, 25), (9, 8), (9, 10), (10, 3), (10, 8), (10, 11), (10, 26), (11, 2), (11, 12), (11, 13), (12, 13), (13, 4), (13, 11), (13, 14), (14, 15), (14, 16), (15, 2), (15, 16), (15, 21), (16, 14), (16, 15), (16, 17), (17, 18), (17, 19), (18, 19), (18, 21), (19, 17), (19, 20), (19, 23), (20, 21), (20, 22), (21, 22), (22, 11), (22, 20), (22, 23), (22, 25), (23, 24), (23, 25), (24, 25), (24, 29), (25, 20), (25, 23), (25, 26), (26, 27), (26, 28), (26, 29), (27, 9), (27, 28), (27, 29), (28, 13), (28, 19), (28, 26), (28, 29), (29, 1), (29, 26), (29, 27)]"
172,synthetic_cc50_v30_72,50,50,50,30,78,0,1,"[(0, 2), (2, 3), (2, 4), (3, 4), (3, 9), (3, 17), (4, 2), (4, 5), (5, 6), (5, 7), (5, 13), (5, 15), (5, 19), (6, 7), (6, 19), (7, 5), (7, 8), (8, 5), (8, 9), (8, 10), (8, 28), (8, 29), (9, 10), (10, 8), (10, 11), (10, 29), (11, 2), (11, 12), (11, 13), (11, 16), (11, 27), (12, 11), (12, 13), (13, 8), (13, 11), (13, 14), (14, 15), (14, 16), (14, 28), (15, 16), (16, 14), (16, 15), (16, 17), (17, 12), (17, 18), (17, 19), (18, 19), (19, 17), (19, 18), (19, 20), (20, 1), (20, 14), (20, 17), (20, 21), (20, 22), (21, 2), (21, 22), (22, 20), (22, 23), (23, 11), (23, 24), (23, 25), (23, 28), (24, 25), (24, 27), (25, 23), (25, 26), (26, 27), (26, 28), (26, 29), (27, 28), (27, 29), (28, 7), (28, 26), (28, 29), (29, 1), (29, 26), (29, 27)]"
173,synthetic_cc50_v30_73,50,50,50,30,78,0,1,"[(0, 2), (2, 3), (2, 4), (2, 11), (3, 4), (3, 6), (4, 2), (4, 5), (5, 3), (5, 6), (5, 7), (6, 2), (6, 5), (6, 7), (6, 29), (7, 5), (7, 8), (8, 9), (8, 10), (9, 10), (9, 22), (10, 8), (10, 11), (11, 12), (11, 13), (12, 2), (12, 13), (13, 3), (13, 11), (13, 14), (13, 22), (14, 15), (14, 16), (15, 16), (16, 14), (16, 17), (16, 24), (17, 3), (17, 18), (17, 19), (17, 28), (18, 19), (19, 17), (19, 20), (20, 7), (20, 18), (20, 21), (20, 22), (21, 1), (21, 16), (21, 22), (22, 5), (22, 9), (22, 12), (22, 20), (22, 23), (23, 4), (23, 5), (23, 24), (23, 25), (23, 27), (24, 15), (24, 25), (25, 18), (25, 23), (25, 26), (26, 3), (26, 27), (26, 28), (26, 29), (27, 28), (27, 29), (28, 2), (28, 29), (29, 1), (29, 17), (29, 26), (29, 27)]"
174,synthetic_cc50_v30_74,50,50,50,30,78,0,1,"[(0, 2), (2, 3), (2, 4), (2, 20), (3, 4), (4, 2), (4, 5), (4, 12), (5, 6), (5, 7), (5, 8), (6, 7), (6, 11), (6, 28), (7, 5), (7, 8), (7, 16), (7, 20), (8, 9), (8, 10), (8, 16), (8, 20), (9, 10), (10, 8), (10, 11), (10, 21), (10, 29), (11, 12), (11, 13), (12, 8), (12, 13), (13, 11), (13, 14), (13, 16), (13, 27), (13, 29), (14, 15), (14, 16), (15, 12), (15, 14), (15, 16), (16, 14), (16, 17), (17, 7), (17, 13), (17, 18), (17, 19), (18, 19), (19, 17), (19, 20), (20, 12), (20, 21), (20, 22), (21, 22), (22, 20), (22, 23), (23, 24), (23, 25), (24, 8), (24, 25), (24, 27), (25, 10), (25, 23), (25, 26), (26, 3), (26, 27), (26, 28), (26, 29), (27, 8), (27, 28), (27, 29), (28, 5), (28, 26), (28, 29), (29, 1), (29, 14), (29, 16), (29, 26)]"
175,synthetic_cc50_v30_75,50,50,50,30,78,0,1,"[(0, 2), (2, 3), (2, 4), (3, 4), (3, 6), (4, 2), (4, 5), (5, 6), (5, 7), (5, 18), (5, 22), (5, 23), (6, 7), (6, 11), (7, 5), (7, 8), (8, 2), (8, 3), (8, 9), (8, 10), (8, 23), (9, 10), (9, 11), (10, 5), (10, 8), (10, 11), (11, 10), (11, 12), (11, 13), (12, 13), (12, 27), (13, 11), (13, 14), (13, 16), (14, 15), (14, 16), (14, 22), (15, 12), (15, 16), (16, 14), (16, 17), (17, 7), (17, 18), (17, 19), (18, 8), (18, 19), (18, 20), (19, 6), (19, 17), (19, 20), (20, 21), (20, 22), (21, 8), (21, 22), (22, 3), (22, 8), (22, 13), (22, 20), (22, 23), (23, 9), (23, 24), (23, 25), (24, 25), (25, 23), (25, 26), (26, 15), (26, 27), (26, 28), (26, 29), (27, 2), (27, 28), (27, 29), (28, 2), (28, 29), (29, 1), (29, 24), (29, 26), (29, 27)]"
176,synthetic_cc50_v30_76,50,50,50,30,78,0,1,"[(0, 2), (2, 3), (2, 4), (2, 29), (3, 4), (3, 10), (3, 13), (3, 23), (4, 2), (4, 5), (5, 6), (5, 7), (5, 15), (6, 7), (6, 24), (7, 1), (7, 5), (7, 8), (7, 22), (8, 9), (8, 10), (8, 15), (9, 10), (10, 2), (10, 8), (10, 11), (10, 17), (11, 12), (11, 13), (12, 13), (13, 8), (13, 11), (13, 14), (13, 23), (13, 28), (14, 11), (14, 15), (14, 16), (15, 16), (16, 14), (16, 17), (17, 18), (17, 19), (18, 4), (18, 19), (19, 17), (19, 20), (20, 2), (20, 17), (20, 21), (20, 22), (21, 20), (21, 22), (22, 7), (22, 20), (22, 23), (23, 24), (23, 25), (23, 27), (24, 13), (24, 25), (24, 29), (25, 2), (25, 23), (25, 26), (25, 28), (26, 24), (26, 27), (26, 28), (26, 29), (27, 28), (27, 29), (28, 26), (28, 29), (29, 1), (29, 21), (29, 26), (29, 27)]"
177,synthetic_cc50_v30_77,50,50,50,30,78,0,1,"[(0, 2), (2, 3), (2, 4), (2, 14), (3, 4), (3, 28), (4, 2), (4, 5), (4, 21), (4, 25), (5, 6), (5, 7), (6, 4), (6, 7), (7, 2), (7, 5), (7, 8), (8, 9), (8, 10), (8, 16), (8, 20), (8, 28), (9, 10), (9, 19), (10, 8), (10, 11), (11, 3), (11, 12), (11, 20), (11, 28), (12, 1), (12, 13), (12, 15), (13, 14), (13, 29), (14, 6), (14, 15), (14, 16), (15, 16), (15, 20), (16, 14), (16, 17), (16, 19), (16, 23), (17, 4), (17, 18), (17, 19), (18, 19), (19, 4), (19, 17), (19, 20), (20, 14), (20, 21), (20, 22), (20, 24), (21, 5), (21, 19), (21, 22), (22, 20), (22, 23), (23, 1), (23, 24), (23, 25), (24, 25), (25, 7), (25, 23), (25, 26), (26, 3), (26, 15), (26, 27), (26, 28), (26, 29), (27, 7), (27, 28), (27, 29), (28, 26), (28, 29), (29, 1)]"
178,synthetic_cc50_v30_78,50,50,50,30,78,0,1,"[(0, 2), (2, 3), (2, 4), (2, 16), (2, 21), (2, 22), (3, 4), (4, 2), (4, 5), (5, 6), (5, 7), (6, 7), (7, 5), (7, 8), (7, 10), (8, 1), (8, 9), (8, 10), (9, 2), (9, 10), (9, 20), (10, 7), (10, 8), (10, 11), (10, 17), (10, 21), (11, 12), (11, 13), (12, 1), (12, 13), (13, 11), (13, 14), (14, 1), (14, 15), (14, 16), (15, 12), (15, 16), (15, 28), (16, 3), (16, 10), (16, 14), (16, 17), (17, 18), (17, 19), (18, 19), (18, 26), (18, 29), (19, 17), (19, 20), (19, 27), (20, 1), (20, 13), (20, 16), (20, 21), (20, 22), (21, 7), (21, 19), (21, 22), (22, 4), (22, 5), (22, 7), (22, 20), (22, 23), (23, 24), (23, 25), (24, 25), (25, 23), (25, 26), (26, 22), (26, 27), (26, 28), (27, 5), (27, 28), (27, 29), (28, 10), (28, 29), (29, 1), (29, 26)]"
179,synthetic_cc50_v30_79,50,50,50,30,78,0,1,"[(0, 2), (2, 3), (2, 4), (2, 8), (2, 13), (2, 16), (2, 20), (3, 4), (4, 2), (4, 5), (5, 6), (5, 7), (6, 7), (6, 22), (7, 5), (7, 8), (7, 20), (8, 9), (9, 10), (10, 11), (11, 12), (11, 13), (11, 21), (12, 13), (13, 11), (13, 14), (14, 6), (14, 15), (14, 16), (15, 11), (15, 16), (16, 1), (16, 14), (16, 17), (16, 28), (17, 4), (17, 18), (17, 19), (18, 19), (18, 21), (18, 26), (19, 17), (19, 20), (20, 15), (20, 21), (20, 22), (21, 8), (21, 22), (22, 20), (22, 23), (23, 15), (23, 16), (23, 24), (23, 25), (24, 1), (24, 19), (24, 25), (25, 2), (25, 3), (25, 23), (25, 26), (26, 6), (26, 8), (26, 16), (26, 27), (26, 28), (27, 14), (27, 16), (27, 28), (27, 29), (28, 2), (28, 10), (28, 29), (29, 1), (29, 6), (29, 17), (29, 19), (29, 26)]"
180,synthetic_cc50_v30_80,50,50,50,30,78,0,1,"[(0, 2), (2, 3), (2, 4), (2, 7), (3, 4), (4, 2), (4, 5), (4, 23), (5, 6), (5, 7), (5, 15), (5, 28), (6, 3), (6, 7), (6, 12), (6, 17), (6, 26), (7, 5), (7, 8), (7, 25), (8, 9), (8, 10), (8, 22), (9, 5), (9, 7), (9, 10), (10, 7), (10, 8), (10, 11), (11, 12), (11, 13), (11, 18), (12, 13), (12, 25), (13, 10), (13, 11), (13, 14), (13, 24), (14, 4), (14, 15), (14, 16), (15, 16), (16, 6), (16, 14), (16, 17), (17, 18), (17, 19), (17, 24), (18, 19), (19, 17), (19, 20), (20, 21), (20, 22), (20, 26), (21, 16), (21, 22), (22, 11), (22, 20), (22, 21), (22, 23), (23, 24), (23, 25), (24, 25), (25, 23), (25, 26), (26, 21), (26, 27), (26, 28), (26, 29), (27, 5), (27, 28), (27, 29), (28, 26), (28, 29), (29, 1), (29, 12), (29, 26), (29, 27)]"
181,synthetic_cc50_v30_81,50,50,50,30,78,0,1,"[(0, 2), (2, 3), (2, 4), (2, 9), (2, 19), (2, 22), (3, 1), (3, 4), (4, 2), (4, 5), (4, 6), (4, 12), (4, 16), (5, 6), (5, 7), (6, 7), (6, 8), (7, 5), (7, 8), (7, 13), (8, 9), (8, 10), (8, 14), (8, 17), (9, 10), (10, 8), (10, 11), (11, 12), (11, 13), (11, 23), (12, 13), (12, 16), (13, 11), (13, 14), (13, 26), (14, 15), (14, 16), (15, 16), (16, 14), (16, 17), (17, 18), (17, 19), (18, 2), (18, 19), (18, 26), (19, 17), (19, 20), (19, 25), (20, 21), (20, 22), (21, 14), (21, 22), (21, 23), (22, 15), (22, 20), (22, 23), (23, 24), (23, 25), (23, 29), (24, 18), (24, 25), (24, 29), (25, 22), (25, 23), (25, 26), (26, 27), (26, 28), (26, 29), (27, 14), (27, 28), (27, 29), (28, 6), (28, 29), (29, 1), (29, 18), (29, 19), (29, 23), (29, 26)]"
182,synthetic_cc50_v30_82,50,50,50,30,78,0,1,"[(0, 2), (2, 3), (2, 4), (2, 27), (3, 4), (4, 2), (4, 5), (5, 6), (5, 7), (5, 25), (6, 2), (6, 7), (6, 8), (6, 19), (6, 23), (6, 29), (7, 5), (7, 8), (7, 10), (8, 9), (8, 10), (9, 10), (9, 21), (10, 8), (10, 11), (10, 12), (10, 16), (11, 12), (11, 13), (12, 13), (13, 7), (13, 11), (13, 14), (14, 15), (14, 16), (15, 16), (16, 14), (16, 17), (16, 19), (16, 28), (17, 6), (17, 8), (17, 10), (17, 18), (17, 19), (18, 19), (19, 17), (19, 20), (20, 15), (20, 21), (20, 22), (21, 22), (22, 1), (22, 20), (22, 23), (23, 24), (23, 25), (24, 19), (24, 20), (24, 21), (24, 25), (25, 23), (25, 26), (26, 24), (26, 27), (26, 28), (26, 29), (27, 28), (27, 29), (28, 21), (28, 26), (28, 29), (29, 1), (29, 8), (29, 19), (29, 26), (29, 27), (29, 28)]"
183,synthetic_cc50_v30_83,50,50,50,30,78,0,1,"[(0, 2), (2, 3), (2, 4), (2, 11), (2, 23), (3, 4), (3, 25), (4, 2), (4, 5), (4, 9), (4, 18), (5, 6), (5, 7), (5, 16), (6, 7), (7, 1), (7, 3), (7, 5), (7, 8), (7, 26), (8, 9), (8, 10), (9, 10), (9, 17), (10, 8), (10, 11), (11, 12), (11, 13), (12, 13), (12, 17), (13, 11), (13, 14), (13, 25), (13, 27), (14, 15), (14, 16), (15, 16), (15, 28), (16, 14), (16, 17), (16, 21), (17, 18), (17, 19), (17, 26), (18, 19), (19, 17), (19, 20), (20, 12), (20, 21), (20, 22), (21, 12), (21, 22), (22, 9), (22, 12), (22, 20), (22, 23), (23, 11), (23, 24), (23, 25), (24, 9), (24, 25), (25, 23), (25, 26), (26, 2), (26, 7), (26, 27), (26, 28), (26, 29), (27, 28), (27, 29), (28, 25), (28, 26), (28, 29), (29, 1), (29, 7), (29, 19), (29, 26), (29, 27)]"
184,synthetic_cc50_v30_84,50,50,50,30,78,0,1,"[(0, 2), (2, 3), (2, 4), (3, 4), (4, 2), (4, 5), (5, 3), (5, 6), (5, 7), (5, 17), (6, 3), (6, 7), (6, 14), (7, 5), (7, 8), (7, 22), (8, 1), (8, 9), (8, 10), (9, 10), (10, 8), (10, 11), (11, 1), (11, 12), (11, 13), (11, 22), (12, 13), (13, 10), (13, 11), (13, 12), (13, 14), (14, 11), (14, 15), (14, 16), (14, 29), (15, 16), (16, 1), (16, 8), (16, 14), (16, 17), (17, 18), (17, 19), (18, 4), (18, 19), (18, 20), (19, 9), (19, 17), (19, 20), (19, 24), (19, 28), (20, 15), (20, 18), (20, 21), (20, 22), (20, 24), (21, 22), (22, 20), (22, 23), (23, 10), (23, 24), (23, 25), (24, 4), (24, 7), (24, 25), (25, 23), (25, 26), (26, 22), (26, 27), (26, 28), (26, 29), (27, 28), (27, 29), (28, 26), (28, 29), (29, 1), (29, 7), (29, 26), (29, 27)]"
185,synthetic_cc50_v30_85,50,50,50,30,78,0,1,"[(0, 2), (2, 3), (2, 4), (2, 19), (3, 4), (3, 6), (4, 2), (4, 5), (4, 27), (5, 6), (5, 7), (5, 10), (6, 1), (6, 7), (7, 5), (7, 8), (7, 19), (8, 9), (8, 10), (9, 6), (9, 10), (9, 14), (10, 4), (10, 8), (10, 11), (11, 12), (11, 13), (11, 29), (12, 13), (13, 1), (13, 11), (13, 12), (13, 14), (13, 19), (14, 15), (14, 16), (14, 18), (15, 16), (16, 12), (16, 14), (16, 17), (16, 25), (17, 18), (17, 19), (17, 25), (18, 6), (18, 19), (19, 17), (19, 20), (20, 4), (20, 6), (20, 21), (20, 22), (21, 15), (21, 22), (22, 12), (22, 17), (22, 20), (22, 23), (23, 24), (23, 25), (24, 25), (25, 5), (25, 10), (25, 23), (25, 26), (26, 5), (26, 20), (26, 27), (27, 2), (27, 24), (27, 28), (27, 29), (28, 19), (28, 29), (29, 1), (29, 9), (29, 26)]"
186,synthetic_cc50_v30_86,50,50,50,30,78,0,1,"[(0, 2), (2, 3), (2, 4), (2, 15), (2, 20), (2, 26), (3, 2), (3, 4), (3, 6), (4, 2), (4, 5), (5, 6), (5, 7), (5, 8), (5, 11), (6, 7), (7, 5), (7, 8), (7, 24), (8, 9), (8, 10), (9, 3), (9, 10), (9, 17), (10, 3), (10, 8), (10, 11), (11, 12), (11, 13), (11, 21), (11, 25), (12, 13), (13, 11), (13, 14), (13, 17), (14, 15), (14, 16), (15, 16), (15, 26), (16, 7), (16, 8), (16, 14), (16, 17), (17, 6), (17, 18), (17, 19), (17, 20), (18, 19), (18, 29), (19, 17), (19, 20), (20, 4), (20, 19), (20, 21), (20, 22), (21, 22), (21, 23), (22, 20), (22, 23), (22, 25), (23, 7), (23, 24), (23, 25), (24, 11), (24, 25), (24, 27), (24, 28), (25, 23), (25, 26), (26, 27), (26, 29), (27, 20), (27, 28), (27, 29), (28, 11), (28, 29), (29, 1), (29, 26)]"
187,synthetic_cc50_v30_87,50,50,50,30,78,0,1,"[(0, 2), (2, 1), (2, 3), (2, 4), (2, 18), (2, 23), (2, 29), (3, 4), (4, 2), (4, 5), (4, 20), (4, 23), (5, 6), (5, 7), (5, 9), (5, 14), (6, 7), (7, 5), (7, 8), (8, 7), (8, 9), (8, 10), (8, 17), (8, 19), (9, 2), (9, 10), (9, 29), (10, 1), (10, 8), (10, 11), (11, 12), (11, 13), (12, 7), (12, 11), (12, 13), (12, 19), (13, 11), (13, 14), (13, 28), (14, 13), (14, 15), (14, 16), (15, 4), (15, 16), (15, 21), (16, 7), (16, 12), (16, 14), (16, 17), (16, 21), (17, 1), (17, 18), (17, 19), (18, 19), (19, 17), (19, 20), (20, 21), (20, 22), (21, 2), (21, 22), (22, 20), (22, 23), (23, 14), (23, 19), (23, 24), (23, 25), (24, 25), (25, 23), (25, 26), (26, 27), (26, 28), (27, 13), (27, 28), (28, 2), (28, 5), (28, 26), (28, 29), (29, 1)]"
188,synthetic_cc50_v30_88,50,50,50,30,78,0,1,"[(0, 2), (2, 1), (2, 3), (2, 4), (3, 4), (3, 29), (4, 2), (4, 5), (4, 25), (5, 6), (5, 7), (6, 5), (6, 7), (6, 18), (7, 5), (7, 8), (7, 15), (8, 3), (8, 9), (9, 10), (9, 12), (9, 25), (10, 4), (10, 8), (10, 11), (11, 12), (11, 13), (11, 25), (12, 10), (12, 13), (12, 28), (13, 11), (13, 14), (14, 15), (14, 16), (14, 19), (15, 16), (15, 20), (15, 27), (16, 14), (16, 17), (16, 27), (17, 18), (17, 19), (17, 22), (17, 25), (18, 19), (19, 17), (19, 20), (20, 21), (20, 22), (21, 22), (21, 25), (22, 6), (22, 13), (22, 14), (22, 20), (22, 23), (23, 4), (23, 24), (23, 25), (24, 17), (24, 25), (25, 23), (25, 26), (26, 5), (26, 21), (26, 27), (26, 28), (26, 29), (27, 28), (27, 29), (28, 4), (28, 19), (28, 29), (29, 1), (29, 20), (29, 22)]"
189,synthetic_cc50_v30_89,50,50,50,30,78,0,1,"[(0, 2), (2, 3), (2, 4), (2, 6), (2, 15), (3, 4), (3, 15), (3, 20), (4, 2), (4, 5), (4, 20), (5, 6), (5, 7), (5, 13), (5, 20), (6, 7), (6, 10), (7, 5), (7, 8), (7, 29), (8, 9), (8, 10), (9, 10), (9, 12), (10, 8), (10, 11), (11, 12), (11, 13), (12, 13), (13, 4), (13, 11), (13, 14), (13, 23), (14, 15), (14, 16), (15, 16), (15, 26), (15, 29), (16, 14), (16, 17), (16, 19), (16, 25), (17, 18), (17, 19), (17, 27), (18, 19), (19, 12), (19, 17), (19, 20), (20, 21), (20, 22), (21, 9), (21, 22), (22, 11), (22, 20), (22, 23), (23, 3), (23, 24), (23, 25), (24, 25), (25, 9), (25, 23), (25, 26), (26, 1), (26, 9), (26, 13), (26, 27), (27, 4), (27, 26), (27, 28), (28, 14), (28, 19), (28, 29), (29, 1), (29, 11), (29, 14), (29, 16), (29, 26)]"
190,synthetic_cc50_v30_90,50,50,50,30,78,0,1,"[(0, 2), (2, 3), (2, 4), (3, 2), (3, 4), (4, 2), (4, 5), (4, 27), (5, 6), (5, 7), (5, 19), (6, 3), (6, 7), (7, 5), (7, 8), (7, 29), (8, 9), (8, 10), (9, 10), (9, 17), (10, 8), (10, 11), (10, 17), (11, 12), (11, 13), (12, 13), (13, 11), (13, 14), (13, 29), (14, 5), (14, 15), (14, 16), (15, 16), (16, 14), (16, 17), (17, 1), (17, 13), (17, 14), (17, 18), (17, 19), (17, 21), (18, 19), (19, 16), (19, 17), (19, 20), (20, 21), (20, 22), (21, 1), (21, 22), (22, 9), (22, 18), (22, 20), (22, 23), (23, 3), (23, 24), (23, 25), (24, 4), (24, 25), (25, 12), (25, 14), (25, 23), (25, 26), (26, 27), (26, 28), (26, 29), (27, 16), (27, 26), (27, 28), (27, 29), (28, 2), (28, 20), (28, 26), (28, 29), (29, 1), (29, 25), (29, 26), (29, 27), (29, 28)]"
191,synthetic_cc50_v30_91,50,50,50,30,78,0,1,"[(0, 2), (2, 3), (2, 4), (2, 13), (3, 4), (4, 2), (4, 5), (5, 6), (5, 7), (5, 17), (6, 7), (6, 8), (7, 5), (7, 8), (7, 14), (8, 9), (8, 10), (8, 21), (9, 10), (9, 17), (9, 23), (10, 8), (10, 11), (11, 1), (11, 12), (11, 13), (12, 13), (13, 11), (13, 14), (13, 25), (14, 15), (14, 16), (14, 27), (15, 16), (15, 22), (15, 28), (16, 14), (16, 17), (17, 3), (17, 18), (17, 19), (17, 22), (18, 19), (19, 8), (19, 14), (19, 17), (19, 20), (20, 2), (20, 21), (20, 22), (21, 22), (21, 25), (22, 1), (22, 20), (22, 23), (23, 20), (23, 24), (23, 25), (24, 25), (24, 26), (25, 9), (25, 19), (25, 23), (25, 26), (26, 13), (26, 27), (26, 28), (26, 29), (27, 4), (27, 28), (27, 29), (28, 26), (28, 29), (29, 1), (29, 9), (29, 13), (29, 26), (29, 27)]"
192,synthetic_cc50_v30_92,50,50,50,30,78,0,1,"[(0, 2), (2, 3), (2, 4), (2, 9), (2, 18), (3, 4), (4, 2), (4, 5), (5, 6), (5, 7), (6, 7), (6, 16), (7, 5), (7, 8), (7, 17), (8, 9), (8, 10), (9, 10), (10, 2), (10, 8), (10, 11), (10, 19), (10, 22), (11, 12), (11, 13), (12, 3), (12, 13), (13, 11), (13, 14), (14, 5), (14, 15), (14, 16), (14, 25), (15, 1), (15, 16), (16, 14), (16, 15), (16, 17), (16, 19), (17, 18), (17, 19), (17, 29), (18, 19), (18, 22), (19, 5), (19, 6), (19, 10), (19, 13), (19, 17), (19, 20), (20, 21), (20, 22), (21, 22), (22, 10), (22, 11), (22, 18), (22, 20), (22, 23), (22, 29), (23, 24), (23, 25), (24, 19), (24, 25), (25, 7), (25, 23), (25, 26), (26, 2), (26, 27), (26, 28), (26, 29), (27, 28), (27, 29), (28, 3), (28, 10), (28, 21), (28, 29), (29, 1), (29, 9)]"
193,synthetic_cc50_v30_93,50,50,50,30,78,0,1,"[(0, 2), (2, 3), (2, 4), (2, 7), (2, 20), (3, 4), (4, 2), (4, 5), (4, 9), (5, 6), (5, 7), (6, 7), (7, 5), (7, 8), (8, 9), (8, 10), (9, 1), (9, 10), (9, 15), (9, 22), (9, 29), (10, 5), (10, 7), (10, 8), (10, 11), (10, 26), (11, 12), (11, 13), (12, 13), (12, 18), (13, 11), (13, 14), (13, 23), (14, 7), (14, 15), (14, 16), (14, 18), (15, 12), (15, 14), (15, 16), (16, 14), (16, 17), (17, 2), (17, 18), (17, 19), (17, 24), (18, 19), (19, 17), (19, 20), (20, 9), (20, 21), (20, 22), (20, 27), (21, 8), (21, 10), (21, 22), (21, 27), (22, 20), (22, 23), (23, 24), (23, 25), (24, 2), (24, 25), (25, 23), (25, 26), (26, 27), (26, 28), (26, 29), (27, 20), (27, 28), (27, 29), (28, 26), (28, 29), (29, 1), (29, 2), (29, 18), (29, 26), (29, 27)]"
194,synthetic_cc50_v30_94,50,50,50,30,78,0,1,"[(0, 2), (2, 3), (2, 4), (3, 4), (4, 2), (4, 5), (4, 17), (5, 6), (5, 7), (6, 1), (6, 7), (6, 27), (7, 5), (7, 8), (7, 13), (8, 9), (8, 10), (9, 4), (9, 5), (9, 10), (9, 15), (9, 22), (9, 26), (10, 8), (10, 11), (11, 9), (11, 12), (11, 13), (11, 22), (11, 27), (12, 10), (12, 13), (13, 11), (13, 14), (14, 15), (14, 16), (14, 23), (14, 25), (15, 16), (16, 14), (16, 17), (17, 8), (17, 18), (17, 19), (18, 11), (18, 19), (18, 26), (19, 17), (19, 20), (20, 13), (20, 21), (20, 22), (21, 22), (22, 17), (22, 20), (22, 23), (23, 7), (23, 24), (23, 25), (23, 28), (24, 18), (24, 19), (24, 25), (25, 23), (25, 26), (26, 27), (26, 28), (26, 29), (27, 28), (27, 29), (28, 9), (28, 23), (28, 24), (28, 26), (28, 29), (29, 1), (29, 26), (29, 27)]"
195,synthetic_cc50_v30_95,50,50,50,30,78,0,1,"[(0, 2), (2, 3), (2, 4), (3, 4), (3, 9), (3, 13), (4, 2), (4, 5), (5, 6), (5, 7), (5, 26), (6, 7), (7, 5), (7, 8), (8, 9), (8, 10), (9, 5), (9, 10), (10, 8), (10, 11), (10, 13), (10, 25), (11, 2), (11, 12), (11, 13), (11, 28), (12, 13), (12, 27), (13, 9), (13, 11), (13, 14), (13, 27), (14, 15), (14, 16), (14, 28), (15, 2), (15, 16), (16, 14), (16, 17), (17, 1), (17, 4), (17, 18), (17, 19), (18, 17), (18, 19), (19, 15), (19, 16), (19, 17), (19, 20), (20, 21), (20, 22), (20, 23), (20, 27), (21, 22), (22, 11), (22, 15), (22, 20), (22, 23), (23, 11), (23, 24), (23, 25), (24, 25), (25, 23), (25, 26), (26, 27), (26, 28), (26, 29), (27, 28), (27, 29), (28, 5), (28, 14), (28, 25), (28, 29), (29, 1), (29, 12), (29, 21), (29, 26), (29, 27)]"
196,synthetic_cc50_v30_96,50,50,50,30,78,0,1,"[(0, 2), (2, 3), (2, 4), (3, 4), (3, 24), (3, 26), (4, 2), (4, 5), (4, 15), (5, 6), (5, 7), (5, 16), (5, 17), (5, 28), (6, 7), (6, 13), (7, 5), (7, 8), (7, 16), (8, 9), (8, 10), (8, 12), (9, 8), (9, 10), (10, 8), (10, 9), (10, 11), (11, 3), (11, 12), (11, 13), (11, 16), (11, 19), (12, 13), (12, 23), (13, 4), (13, 11), (13, 14), (13, 28), (14, 15), (14, 16), (14, 28), (15, 13), (15, 16), (16, 14), (16, 17), (16, 22), (17, 13), (17, 18), (17, 19), (18, 19), (19, 15), (19, 17), (19, 20), (20, 8), (20, 21), (20, 22), (21, 5), (21, 22), (22, 10), (22, 15), (22, 20), (22, 23), (23, 17), (23, 24), (23, 25), (24, 8), (24, 12), (24, 25), (25, 23), (25, 26), (26, 27), (27, 28), (27, 29), (28, 10), (28, 29), (29, 1), (29, 6), (29, 26)]"
197,synthetic_cc50_v30_97,50,50,50,30,78,0,1,"[(0, 2), (2, 3), (2, 4), (2, 14), (2, 19), (3, 4), (3, 26), (4, 2), (4, 5), (4, 6), (4, 23), (4, 28), (5, 6), (5, 7), (5, 24), (6, 4), (6, 7), (7, 5), (7, 8), (7, 14), (8, 9), (8, 10), (9, 10), (9, 13), (10, 8), (10, 11), (11, 12), (11, 13), (12, 11), (12, 13), (13, 11), (13, 14), (13, 17), (14, 15), (14, 16), (14, 21), (15, 4), (15, 16), (16, 12), (16, 13), (16, 14), (16, 17), (17, 12), (17, 18), (17, 19), (18, 9), (18, 19), (19, 17), (19, 20), (20, 21), (20, 22), (21, 11), (21, 22), (21, 24), (22, 20), (22, 23), (23, 6), (23, 19), (23, 24), (23, 25), (24, 15), (24, 25), (25, 4), (25, 23), (25, 26), (26, 10), (26, 23), (26, 27), (26, 28), (26, 29), (27, 28), (27, 29), (28, 26), (28, 29), (29, 1), (29, 5), (29, 26), (29, 27)]"
198,synthetic_cc50_v30_98,50,50,50,30,78,0,1,"[(0, 2), (2, 3), (2, 4), (2, 19), (2, 26), (3, 4), (3, 26), (4, 2), (4, 5), (5, 6), (5, 7), (6, 7), (6, 26), (7, 3), (7, 5), (7, 6), (7, 8), (8, 9), (8, 10), (8, 13), (8, 14), (9, 10), (10, 8), (10, 11), (10, 18), (11, 3), (11, 12), (11, 13), (12, 13), (12, 18), (12, 23), (13, 11), (13, 14), (14, 15), (14, 16), (15, 16), (15, 21), (16, 14), (16, 17), (16, 22), (17, 16), (17, 18), (17, 19), (18, 14), (18, 19), (19, 4), (19, 8), (19, 17), (19, 20), (19, 27), (20, 3), (20, 21), (20, 22), (21, 22), (22, 3), (22, 20), (22, 23), (23, 3), (23, 5), (23, 24), (23, 25), (24, 12), (24, 25), (25, 23), (25, 26), (26, 27), (26, 28), (26, 29), (27, 5), (27, 23), (27, 26), (27, 28), (27, 29), (28, 29), (29, 1), (29, 21), (29, 26), (29, 27)]"
199,synthetic_cc50_v30_99,50,50,50,30,78,0,1,"[(0, 2), (2, 3), (2, 4), (2, 7), (2, 17), (3, 4), (4, 2), (4, 5), (4, 7), (5, 6), (5, 7), (6, 7), (6, 24), (7, 5), (7, 8), (7, 26), (8, 9), (8, 10), (9, 2), (9, 10), (9, 22), (10, 2), (10, 8), (10, 11), (10, 14), (11, 12), (11, 13), (12, 13), (13, 11), (13, 14), (13, 21), (14, 15), (14, 16), (14, 29), (15, 16), (16, 11), (16, 14), (16, 15), (16, 17), (16, 27), (17, 18), (17, 19), (17, 20), (18, 19), (19, 17), (19, 20), (20, 3), (20, 10), (20, 17), (20, 21), (20, 22), (21, 22), (22, 20), (22, 23), (23, 11), (23, 24), (23, 25), (23, 26), (24, 25), (25, 21), (25, 22), (25, 23), (25, 26), (26, 4), (26, 5), (26, 27), (26, 28), (26, 29), (27, 4), (27, 28), (27, 29), (28, 10), (28, 26), (28, 27), (28, 29), (29, 1), (29, 26), (29, 27)]"
200,synthetic_cc50_v30_100,50,50,50,30,78,0,1,"[(0, 2), (2, 3), (2, 4), (3, 1), (3, 4), (3, 6), (4, 2), (4, 5), (5, 2), (5, 6), (5, 7), (5, 8), (5, 10), (5, 25), (5, 27), (6, 7), (6, 11), (6, 26), (7, 4), (7, 5), (7, 8), (8, 9), (8, 10), (9, 1), (9, 10), (10, 8), (10, 11), (10, 15), (11, 5), (11, 12), (11, 13), (12, 13), (13, 11), (13, 14), (14, 1), (14, 15), (14, 16), (15, 9), (15, 16), (16, 10), (16, 14), (16, 17), (16, 24), (17, 10), (17, 18), (17, 19), (17, 25), (17, 29), (18, 6), (18, 19), (19, 16), (19, 17), (19, 20), (20, 21), (20, 22), (21, 10), (21, 19), (21, 22), (22, 9), (22, 14), (22, 20), (22, 23), (23, 19), (23, 24), (23, 25), (24, 25), (25, 23), (25, 26), (26, 14), (26, 15), (26, 27), (27, 17), (27, 28), (28, 20), (28, 29), (29, 1), (29, 26), (29, 27)]"
201,synthetic_cc100_v50_1,100,100,100,50,148,0,1,"[(0, 2), (2, 3), (2, 4), (3, 4), (3, 14), (4, 2), (4, 5), (4, 29), (4, 37), (5, 6), (5, 7), (6, 7), (7, 2), (7, 5), (7, 8), (7, 26), (7, 42), (8, 9), (8, 10), (8, 19), (8, 24), (8, 29), (8, 32), (9, 6), (9, 10), (9, 12), (10, 1), (10, 8), (10, 11), (11, 6), (11, 12), (11, 13), (11, 20), (11, 25), (12, 8), (12, 13), (12, 22), (13, 5), (13, 11), (13, 14), (13, 33), (14, 15), (14, 16), (14, 19), (15, 16), (16, 14), (16, 17), (17, 13), (17, 15), (17, 18), (17, 19), (17, 30), (18, 19), (19, 17), (19, 20), (19, 32), (19, 39), (19, 47), (20, 21), (20, 22), (21, 22), (22, 2), (22, 9), (22, 14), (22, 20), (22, 23), (22, 35), (23, 24), (23, 25), (23, 31), (24, 2), (24, 25), (24, 39), (24, 40), (25, 15), (25, 23), (25, 26), (26, 27), (26, 28), (27, 28), (28, 4), (28, 26), (28, 29), (29, 23), (29, 24), (29, 30), (29, 31), (30, 31), (31, 16), (31, 29), (31, 32), (31, 41), (32, 5), (32, 18), (32, 33), (32, 34), (33, 1), (33, 31), (33, 34), (34, 32), (34, 35), (35, 36), (35, 37), (36, 10), (36, 13), (36, 33), (36, 37), (37, 32), (37, 35), (37, 38), (38, 1), (38, 39), (38, 40), (39, 9), (39, 40), (40, 8), (40, 38), (40, 41), (41, 1), (41, 27), (41, 42), (41, 43), (41, 48), (42, 5), (42, 43), (42, 45), (43, 14), (43, 29), (43, 41), (43, 44), (44, 38), (44, 45), (44, 46), (45, 33), (45, 46), (46, 8), (46, 44), (46, 47), (47, 4), (47, 11), (47, 22), (47, 27), (47, 45), (47, 48), (47, 49), (48, 49), (49, 1), (49, 47)]"
202,synthetic_cc100_v50_2,100,100,100,50,148,0,1,"[(0, 2), (2, 3), (2, 4), (2, 20), (2, 37), (2, 44), (3, 4), (3, 5), (4, 2), (4, 5), (4, 27), (4, 41), (4, 44), (5, 6), (5, 7), (5, 23), (5, 38), (6, 7), (6, 18), (6, 21), (6, 37), (7, 5), (7, 8), (7, 28), (7, 32), (7, 34), (8, 9), (8, 10), (8, 40), (9, 10), (10, 8), (10, 11), (10, 14), (10, 44), (11, 12), (11, 13), (11, 21), (11, 31), (12, 13), (12, 36), (13, 3), (13, 11), (13, 14), (13, 25), (13, 27), (14, 15), (14, 16), (14, 29), (15, 1), (15, 16), (15, 17), (16, 14), (16, 17), (16, 46), (17, 18), (17, 19), (18, 19), (19, 17), (19, 20), (20, 3), (20, 7), (20, 21), (20, 22), (21, 7), (21, 22), (22, 2), (22, 20), (22, 23), (23, 24), (23, 25), (24, 25), (25, 2), (25, 23), (25, 26), (25, 34), (25, 41), (25, 44), (26, 27), (26, 28), (26, 29), (27, 6), (27, 18), (27, 26), (27, 28), (27, 29), (27, 47), (28, 11), (28, 26), (28, 29), (28, 48), (29, 30), (29, 31), (29, 35), (30, 3), (30, 31), (31, 10), (31, 11), (31, 29), (31, 32), (32, 19), (32, 33), (32, 34), (32, 37), (32, 47), (33, 34), (34, 32), (34, 35), (35, 36), (35, 37), (35, 42), (35, 46), (36, 37), (36, 43), (37, 32), (37, 35), (37, 38), (38, 31), (38, 39), (38, 40), (38, 48), (39, 8), (39, 40), (39, 44), (40, 14), (40, 38), (40, 41), (41, 14), (41, 42), (41, 43), (42, 5), (42, 20), (42, 43), (43, 30), (43, 41), (43, 44), (44, 45), (44, 46), (44, 48), (45, 46), (46, 40), (46, 44), (46, 47), (47, 25), (47, 48), (47, 49), (48, 49), (49, 1), (49, 47)]"
203,synthetic_cc100_v50_3,100,100,100,50,148,0,1,"[(0, 2), (2, 3), (2, 4), (3, 4), (3, 15), (3, 17), (3, 35), (4, 2), (4, 5), (4, 15), (5, 6), (5, 7), (5, 37), (6, 7), (6, 46), (7, 5), (7, 8), (7, 21), (7, 32), (8, 9), (8, 10), (8, 32), (9, 1), (9, 10), (9, 41), (10, 8), (10, 11), (10, 22), (10, 27), (10, 45), (11, 8), (11, 9), (11, 12), (11, 13), (11, 46), (12, 13), (12, 33), (13, 11), (13, 14), (14, 15), (14, 16), (15, 16), (15, 21), (15, 46), (16, 14), (16, 17), (16, 18), (16, 49), (17, 18), (17, 19), (17, 20), (18, 7), (18, 19), (19, 17), (19, 20), (19, 34), (20, 21), (20, 22), (21, 8), (21, 22), (22, 17), (22, 20), (22, 23), (22, 25), (22, 28), (23, 24), (23, 25), (24, 17), (24, 25), (25, 11), (25, 23), (25, 26), (26, 27), (26, 28), (26, 37), (27, 15), (27, 28), (28, 9), (28, 21), (28, 22), (28, 23), (28, 26), (28, 29), (28, 42), (29, 1), (29, 30), (29, 31), (30, 7), (30, 31), (30, 43), (31, 29), (31, 30), (31, 32), (31, 40), (32, 15), (32, 33), (32, 34), (33, 34), (34, 3), (34, 9), (34, 16), (34, 32), (34, 35), (35, 15), (35, 22), (35, 36), (35, 37), (36, 21), (36, 37), (37, 19), (37, 35), (37, 38), (38, 39), (38, 40), (39, 8), (39, 13), (39, 26), (39, 40), (40, 36), (40, 38), (40, 41), (41, 35), (41, 42), (41, 43), (41, 45), (42, 22), (42, 43), (43, 41), (43, 44), (44, 7), (44, 16), (44, 45), (44, 46), (45, 3), (45, 35), (45, 46), (46, 7), (46, 24), (46, 44), (46, 47), (47, 48), (47, 49), (48, 20), (48, 33), (48, 49), (49, 1), (49, 34), (49, 47)]"
204,synthetic_cc100_v50_4,100,100,100,50,148,0,1,"[(0, 2), (2, 3), (2, 4), (2, 24), (3, 1), (3, 4), (3, 11), (4, 2), (4, 5), (4, 36), (5, 6), (5, 7), (5, 43), (6, 7), (6, 9), (7, 5), (7, 8), (7, 15), (7, 30), (8, 9), (8, 10), (9, 10), (9, 14), (9, 31), (9, 35), (10, 8), (10, 11), (10, 25), (11, 12), (11, 13), (11, 33), (12, 13), (12, 32), (13, 4), (13, 11), (13, 14), (14, 15), (14, 16), (14, 34), (15, 16), (16, 2), (16, 14), (16, 17), (16, 24), (16, 36), (17, 14), (17, 18), (17, 19), (17, 29), (18, 5), (18, 19), (18, 43), (18, 44), (19, 15), (19, 17), (19, 20), (20, 21), (20, 22), (20, 24), (20, 33), (20, 49), (21, 22), (22, 2), (22, 17), (22, 20), (22, 21), (22, 23), (23, 6), (23, 24), (23, 25), (23, 43), (24, 17), (24, 20), (24, 22), (24, 25), (24, 28), (25, 1), (25, 23), (25, 26), (25, 33), (25, 41), (26, 27), (26, 28), (27, 28), (27, 34), (28, 26), (28, 29), (28, 37), (28, 43), (29, 30), (29, 31), (30, 8), (30, 31), (31, 14), (31, 26), (31, 29), (31, 32), (32, 3), (32, 12), (32, 26), (32, 27), (32, 28), (32, 33), (32, 34), (33, 34), (34, 1), (34, 32), (34, 35), (34, 41), (35, 36), (35, 37), (35, 47), (36, 37), (37, 5), (37, 35), (37, 38), (38, 29), (38, 39), (38, 40), (39, 21), (39, 40), (40, 38), (40, 41), (41, 42), (41, 43), (42, 43), (42, 47), (43, 12), (43, 27), (43, 33), (43, 36), (43, 41), (43, 44), (44, 45), (44, 46), (45, 46), (46, 13), (46, 18), (46, 44), (46, 47), (47, 5), (47, 7), (47, 29), (47, 48), (47, 49), (48, 49), (49, 1), (49, 47)]"
205,synthetic_cc100_v50_5,100,100,100,50,148,0,1,"[(0, 2), (2, 3), (2, 4), (2, 7), (3, 4), (3, 47), (3, 49), (4, 2), (4, 5), (4, 24), (4, 33), (4, 34), (5, 6), (5, 7), (6, 7), (6, 20), (7, 5), (7, 8), (7, 31), (7, 33), (8, 9), (8, 10), (8, 23), (9, 1), (9, 10), (10, 8), (10, 11), (11, 12), (11, 13), (11, 21), (12, 1), (12, 13), (12, 31), (12, 39), (13, 5), (13, 11), (13, 14), (13, 35), (13, 37), (14, 15), (14, 16), (15, 4), (15, 13), (15, 16), (16, 14), (16, 15), (16, 17), (16, 40), (16, 46), (17, 18), (17, 19), (17, 42), (18, 8), (18, 14), (18, 19), (19, 17), (19, 18), (19, 20), (20, 21), (20, 22), (20, 32), (20, 49), (21, 22), (21, 25), (21, 27), (22, 8), (22, 14), (22, 20), (22, 23), (23, 10), (23, 24), (23, 25), (23, 40), (24, 7), (24, 25), (24, 28), (25, 23), (25, 26), (25, 33), (26, 27), (26, 28), (27, 13), (27, 17), (27, 28), (27, 45), (27, 47), (27, 48), (28, 19), (28, 20), (28, 26), (28, 29), (28, 37), (29, 2), (29, 30), (29, 31), (30, 8), (30, 23), (30, 31), (30, 45), (31, 29), (31, 32), (32, 9), (32, 30), (32, 33), (32, 34), (32, 38), (33, 34), (34, 17), (34, 23), (34, 32), (34, 35), (35, 12), (35, 32), (35, 36), (35, 37), (36, 37), (37, 1), (37, 35), (37, 38), (38, 29), (38, 39), (38, 40), (39, 40), (40, 10), (40, 38), (40, 41), (41, 4), (41, 15), (41, 42), (41, 44), (41, 48), (42, 43), (43, 41), (43, 44), (44, 8), (44, 45), (44, 46), (45, 46), (46, 36), (46, 44), (46, 47), (47, 48), (47, 49), (48, 16), (48, 19), (48, 49), (49, 1), (49, 47)]"
206,synthetic_cc100_v50_6,100,100,100,50,148,0,1,"[(0, 2), (2, 3), (2, 4), (2, 16), (3, 4), (3, 40), (4, 2), (4, 5), (5, 6), (5, 7), (5, 13), (6, 7), (6, 33), (7, 5), (7, 8), (7, 20), (7, 23), (7, 30), (8, 2), (8, 9), (8, 10), (9, 10), (9, 21), (9, 30), (10, 6), (10, 8), (10, 11), (10, 21), (10, 28), (11, 12), (11, 13), (11, 33), (11, 39), (12, 13), (13, 11), (13, 14), (13, 32), (13, 40), (13, 47), (14, 11), (14, 15), (14, 16), (14, 27), (14, 33), (15, 6), (15, 16), (15, 23), (15, 36), (16, 8), (16, 14), (16, 17), (16, 35), (17, 18), (17, 19), (17, 21), (17, 34), (18, 19), (18, 25), (18, 36), (19, 13), (19, 17), (19, 20), (19, 28), (20, 21), (20, 22), (20, 28), (20, 38), (21, 17), (21, 22), (21, 38), (21, 45), (21, 49), (22, 20), (22, 23), (23, 24), (23, 25), (24, 25), (24, 29), (25, 23), (25, 26), (26, 27), (26, 28), (27, 2), (27, 6), (27, 28), (27, 35), (28, 26), (28, 29), (29, 1), (29, 18), (29, 24), (29, 30), (29, 31), (29, 34), (30, 6), (30, 25), (30, 31), (30, 35), (31, 29), (31, 32), (31, 43), (32, 20), (32, 33), (32, 34), (33, 25), (33, 34), (33, 48), (34, 15), (34, 32), (34, 35), (35, 36), (35, 37), (36, 12), (36, 37), (37, 35), (37, 38), (38, 39), (38, 40), (39, 13), (39, 25), (39, 40), (40, 30), (40, 38), (40, 41), (41, 42), (41, 43), (42, 17), (42, 33), (42, 43), (42, 47), (43, 41), (43, 44), (43, 48), (44, 25), (44, 45), (44, 46), (45, 46), (46, 26), (46, 44), (46, 47), (46, 48), (47, 18), (47, 26), (47, 48), (47, 49), (48, 49), (49, 1), (49, 47)]"
207,synthetic_cc100_v50_7,100,100,100,50,148,0,1,"[(0, 2), (2, 3), (2, 4), (2, 25), (3, 4), (3, 28), (4, 2), (4, 5), (4, 19), (4, 33), (5, 6), (5, 7), (5, 19), (5, 22), (5, 37), (6, 7), (6, 24), (6, 36), (6, 43), (7, 5), (7, 8), (7, 9), (7, 41), (7, 46), (7, 49), (8, 9), (8, 10), (8, 15), (8, 27), (9, 10), (9, 16), (9, 34), (10, 8), (10, 11), (10, 19), (10, 31), (11, 12), (11, 13), (12, 11), (12, 13), (12, 15), (12, 36), (13, 10), (13, 11), (13, 14), (14, 15), (14, 16), (14, 23), (14, 34), (15, 16), (16, 14), (16, 17), (16, 26), (17, 18), (17, 19), (17, 23), (17, 33), (18, 19), (19, 17), (19, 20), (20, 21), (20, 22), (20, 27), (21, 6), (21, 18), (21, 22), (21, 28), (22, 20), (22, 23), (22, 33), (23, 13), (23, 24), (23, 25), (24, 25), (25, 23), (25, 26), (26, 1), (26, 27), (26, 28), (26, 32), (27, 28), (27, 33), (28, 26), (28, 29), (29, 25), (29, 30), (29, 31), (29, 38), (29, 40), (30, 27), (30, 31), (31, 4), (31, 29), (31, 32), (31, 45), (32, 12), (32, 33), (32, 34), (33, 34), (33, 37), (34, 19), (34, 32), (34, 35), (35, 16), (35, 36), (35, 37), (36, 37), (37, 35), (37, 38), (38, 30), (38, 39), (38, 40), (39, 40), (40, 8), (40, 12), (40, 38), (40, 41), (41, 42), (41, 43), (42, 7), (42, 23), (42, 40), (42, 43), (43, 21), (43, 41), (43, 44), (44, 12), (44, 43), (44, 45), (44, 46), (44, 48), (45, 14), (45, 46), (45, 47), (46, 7), (46, 44), (46, 47), (47, 2), (47, 48), (47, 49), (48, 21), (48, 23), (48, 46), (48, 49), (49, 1), (49, 21), (49, 40), (49, 47)]"
208,synthetic_cc100_v50_8,100,100,100,50,148,0,1,"[(0, 2), (2, 3), (2, 4), (3, 4), (3, 36), (4, 2), (4, 5), (4, 26), (4, 47), (5, 6), (5, 7), (6, 7), (7, 5), (7, 8), (7, 16), (7, 23), (8, 9), (8, 10), (9, 10), (9, 11), (9, 39), (10, 8), (10, 11), (10, 17), (10, 23), (11, 12), (11, 13), (11, 28), (12, 13), (12, 23), (12, 47), (13, 11), (13, 14), (13, 21), (13, 43), (14, 3), (14, 15), (14, 16), (14, 29), (15, 8), (15, 16), (15, 26), (16, 14), (16, 17), (16, 27), (16, 28), (16, 30), (17, 18), (17, 19), (17, 23), (18, 15), (18, 19), (18, 43), (18, 45), (18, 49), (19, 17), (19, 20), (19, 29), (20, 4), (20, 13), (20, 21), (20, 22), (20, 30), (21, 3), (21, 22), (21, 35), (22, 20), (22, 23), (23, 24), (23, 25), (24, 25), (25, 4), (25, 23), (25, 26), (25, 33), (25, 47), (26, 27), (26, 28), (27, 18), (27, 19), (27, 23), (27, 28), (27, 37), (28, 26), (28, 29), (29, 9), (29, 22), (29, 30), (29, 31), (30, 31), (31, 14), (31, 29), (31, 32), (32, 13), (32, 33), (32, 34), (32, 44), (33, 4), (33, 30), (33, 34), (34, 2), (34, 32), (34, 35), (35, 36), (35, 37), (36, 2), (36, 12), (36, 35), (36, 37), (36, 42), (37, 34), (37, 35), (37, 38), (37, 45), (38, 2), (38, 5), (38, 18), (38, 29), (38, 39), (38, 40), (39, 40), (40, 38), (40, 41), (41, 42), (41, 43), (41, 47), (42, 43), (43, 41), (43, 44), (44, 45), (44, 46), (45, 8), (45, 40), (45, 43), (45, 46), (46, 44), (46, 47), (47, 36), (47, 48), (47, 49), (48, 16), (48, 38), (48, 49), (49, 1), (49, 3), (49, 11), (49, 41), (49, 47)]"
209,synthetic_cc100_v50_9,100,100,100,50,148,0,1,"[(0, 2), (2, 3), (2, 4), (2, 9), (3, 4), (3, 8), (3, 22), (3, 45), (3, 48), (4, 2), (4, 5), (5, 6), (5, 7), (5, 18), (5, 28), (6, 7), (6, 22), (7, 5), (7, 8), (7, 13), (8, 9), (8, 10), (8, 14), (9, 10), (9, 30), (9, 47), (10, 8), (10, 11), (11, 12), (11, 13), (12, 3), (12, 13), (12, 30), (12, 34), (13, 2), (13, 11), (13, 14), (13, 32), (13, 37), (14, 15), (14, 16), (14, 40), (15, 16), (15, 39), (16, 14), (16, 17), (17, 18), (17, 19), (17, 20), (17, 34), (17, 35), (18, 19), (19, 12), (19, 17), (19, 20), (19, 38), (19, 44), (20, 21), (20, 22), (20, 29), (21, 17), (21, 22), (21, 25), (22, 4), (22, 20), (22, 23), (22, 41), (23, 24), (23, 25), (24, 25), (25, 10), (25, 23), (25, 24), (25, 26), (25, 36), (25, 38), (26, 27), (26, 28), (26, 41), (26, 46), (27, 25), (27, 28), (27, 36), (28, 4), (28, 26), (28, 29), (29, 2), (29, 20), (29, 27), (29, 30), (29, 31), (30, 31), (30, 41), (31, 15), (31, 29), (31, 32), (32, 33), (32, 34), (33, 34), (34, 32), (34, 35), (35, 36), (35, 37), (35, 49), (36, 5), (36, 37), (36, 46), (37, 10), (37, 12), (37, 35), (37, 38), (38, 8), (38, 24), (38, 35), (38, 39), (38, 40), (39, 35), (39, 40), (40, 20), (40, 38), (40, 41), (41, 2), (41, 22), (41, 42), (41, 43), (42, 43), (43, 41), (43, 44), (44, 26), (44, 45), (44, 46), (45, 15), (45, 46), (45, 48), (46, 25), (46, 43), (46, 44), (46, 47), (47, 6), (47, 10), (47, 34), (47, 40), (47, 48), (47, 49), (48, 29), (48, 49), (49, 1), (49, 47)]"
210,synthetic_cc100_v50_10,100,100,100,50,148,0,1,"[(0, 2), (2, 3), (2, 4), (2, 25), (2, 48), (3, 4), (3, 15), (3, 44), (3, 47), (4, 2), (4, 5), (4, 20), (5, 6), (5, 7), (5, 40), (5, 49), (6, 5), (6, 7), (7, 5), (7, 8), (7, 15), (7, 29), (8, 9), (8, 10), (8, 43), (9, 1), (9, 10), (10, 8), (10, 11), (11, 12), (11, 13), (11, 41), (12, 13), (12, 44), (13, 11), (13, 14), (14, 1), (14, 10), (14, 15), (14, 16), (14, 18), (15, 5), (15, 16), (15, 24), (16, 14), (16, 17), (16, 33), (17, 18), (17, 19), (17, 40), (18, 19), (18, 45), (19, 1), (19, 9), (19, 17), (19, 20), (19, 23), (19, 32), (19, 36), (19, 41), (20, 21), (20, 22), (20, 47), (21, 15), (21, 18), (21, 22), (21, 31), (22, 20), (22, 23), (22, 47), (23, 24), (23, 25), (23, 48), (24, 25), (24, 46), (25, 23), (25, 26), (25, 45), (26, 27), (26, 28), (27, 9), (27, 28), (27, 40), (28, 26), (28, 29), (28, 36), (29, 30), (29, 31), (30, 31), (30, 32), (31, 29), (31, 32), (31, 43), (32, 4), (32, 33), (32, 34), (32, 37), (32, 48), (33, 34), (34, 15), (34, 32), (34, 35), (35, 15), (35, 24), (35, 36), (35, 37), (36, 5), (36, 18), (36, 31), (36, 37), (37, 35), (37, 38), (38, 16), (38, 27), (38, 39), (38, 40), (39, 23), (39, 25), (39, 40), (39, 43), (40, 38), (40, 41), (40, 48), (41, 11), (41, 21), (41, 42), (41, 43), (42, 43), (42, 49), (43, 34), (43, 41), (43, 44), (44, 1), (44, 45), (44, 46), (45, 18), (45, 46), (46, 44), (46, 47), (47, 9), (47, 48), (47, 49), (48, 49), (49, 1), (49, 24), (49, 31), (49, 39), (49, 47)]"
211,synthetic_cc100_v50_11,100,100,100,50,148,0,1,"[(0, 2), (2, 3), (2, 4), (2, 43), (3, 4), (3, 10), (4, 2), (4, 5), (4, 39), (5, 6), (5, 7), (5, 37), (6, 7), (6, 31), (6, 33), (6, 42), (6, 49), (7, 3), (7, 5), (7, 8), (7, 26), (7, 47), (8, 5), (8, 9), (8, 10), (9, 10), (9, 28), (9, 31), (10, 2), (10, 8), (10, 11), (11, 12), (11, 13), (11, 15), (11, 35), (12, 13), (12, 30), (13, 5), (13, 11), (13, 14), (13, 15), (14, 15), (14, 16), (14, 38), (14, 45), (15, 16), (15, 28), (15, 29), (15, 44), (16, 14), (16, 17), (16, 31), (17, 18), (17, 19), (17, 43), (18, 19), (18, 48), (19, 17), (19, 20), (19, 24), (19, 49), (20, 21), (20, 22), (21, 22), (21, 48), (22, 20), (22, 23), (22, 32), (22, 43), (23, 24), (23, 25), (23, 45), (24, 3), (24, 25), (24, 37), (25, 3), (25, 11), (25, 23), (25, 26), (26, 27), (26, 28), (27, 18), (27, 28), (27, 36), (28, 10), (28, 26), (28, 29), (28, 33), (29, 3), (29, 30), (29, 31), (30, 31), (30, 33), (31, 11), (31, 29), (31, 32), (31, 39), (32, 25), (32, 33), (32, 34), (33, 23), (33, 34), (34, 18), (34, 26), (34, 32), (34, 35), (35, 36), (35, 37), (35, 49), (36, 37), (37, 5), (37, 7), (37, 35), (37, 38), (38, 39), (38, 40), (39, 20), (39, 30), (39, 40), (40, 21), (40, 38), (40, 41), (41, 2), (41, 42), (41, 43), (42, 23), (42, 43), (43, 7), (43, 26), (43, 41), (43, 44), (44, 16), (44, 45), (44, 46), (44, 49), (45, 39), (45, 46), (46, 21), (46, 44), (46, 47), (46, 49), (47, 48), (47, 49), (48, 36), (48, 49), (49, 1), (49, 5), (49, 47)]"
212,synthetic_cc100_v50_12,100,100,100,50,148,0,1,"[(0, 2), (2, 3), (2, 4), (3, 4), (3, 32), (4, 2), (4, 5), (4, 15), (5, 6), (5, 7), (5, 41), (6, 7), (6, 30), (7, 5), (7, 8), (8, 9), (8, 10), (9, 10), (10, 2), (10, 8), (10, 11), (10, 37), (11, 12), (11, 13), (11, 30), (11, 33), (12, 13), (12, 20), (12, 25), (12, 42), (13, 3), (13, 11), (13, 14), (13, 34), (13, 39), (14, 15), (14, 16), (15, 16), (16, 14), (16, 17), (17, 9), (17, 18), (17, 19), (18, 6), (18, 19), (19, 17), (19, 20), (19, 23), (20, 21), (20, 22), (21, 22), (22, 20), (22, 23), (22, 24), (22, 46), (23, 2), (23, 24), (23, 25), (23, 36), (23, 47), (23, 48), (24, 25), (24, 27), (25, 23), (25, 26), (25, 34), (26, 27), (26, 28), (26, 42), (27, 28), (28, 26), (28, 29), (29, 4), (29, 24), (29, 30), (29, 31), (30, 9), (30, 31), (30, 33), (30, 37), (30, 39), (31, 29), (31, 32), (31, 46), (32, 33), (32, 34), (32, 44), (33, 20), (33, 24), (33, 34), (33, 48), (34, 8), (34, 32), (34, 35), (34, 37), (35, 5), (35, 11), (35, 36), (35, 37), (36, 8), (36, 37), (36, 46), (37, 30), (37, 35), (37, 38), (38, 37), (38, 39), (38, 40), (39, 37), (39, 40), (40, 34), (40, 38), (40, 41), (40, 49), (41, 32), (41, 42), (41, 43), (42, 19), (42, 41), (42, 43), (43, 14), (43, 18), (43, 25), (43, 41), (43, 44), (44, 9), (44, 45), (44, 46), (45, 46), (45, 49), (46, 13), (46, 32), (46, 35), (46, 40), (46, 44), (46, 47), (47, 48), (47, 49), (48, 27), (48, 34), (48, 38), (48, 49), (49, 1), (49, 6), (49, 9), (49, 12), (49, 30), (49, 47)]"
213,synthetic_cc100_v50_13,100,100,100,50,148,0,1,"[(0, 2), (2, 1), (2, 3), (2, 4), (2, 49), (3, 4), (4, 2), (4, 5), (4, 43), (5, 6), (5, 7), (5, 10), (6, 7), (6, 38), (7, 5), (7, 8), (7, 19), (8, 9), (8, 10), (8, 44), (9, 10), (9, 19), (10, 8), (10, 11), (10, 20), (10, 41), (11, 12), (11, 13), (11, 39), (12, 13), (12, 21), (12, 25), (13, 3), (13, 11), (13, 14), (13, 21), (14, 15), (14, 16), (14, 23), (15, 16), (15, 26), (15, 32), (16, 14), (16, 17), (16, 28), (17, 18), (17, 19), (18, 12), (18, 19), (19, 17), (19, 20), (20, 17), (20, 21), (20, 22), (21, 11), (21, 22), (21, 30), (22, 14), (22, 20), (22, 23), (22, 35), (22, 39), (23, 8), (23, 24), (23, 25), (24, 25), (24, 30), (25, 17), (25, 23), (25, 24), (25, 26), (25, 32), (26, 27), (26, 28), (26, 31), (27, 13), (27, 28), (27, 39), (28, 10), (28, 26), (28, 29), (29, 11), (29, 30), (29, 31), (30, 13), (30, 18), (30, 31), (30, 34), (31, 8), (31, 29), (31, 32), (31, 37), (31, 42), (32, 3), (32, 33), (32, 34), (32, 39), (33, 25), (33, 34), (33, 43), (34, 32), (34, 35), (34, 49), (35, 36), (35, 37), (35, 43), (36, 8), (36, 17), (36, 37), (36, 43), (37, 5), (37, 35), (37, 38), (37, 40), (38, 19), (38, 39), (38, 40), (39, 40), (39, 46), (40, 22), (40, 38), (40, 41), (41, 40), (41, 42), (41, 43), (42, 43), (43, 8), (43, 16), (43, 28), (43, 41), (43, 44), (43, 49), (44, 27), (44, 45), (44, 46), (45, 1), (45, 19), (45, 46), (46, 44), (46, 47), (47, 5), (47, 26), (47, 48), (47, 49), (48, 49), (49, 1), (49, 2), (49, 47)]"
214,synthetic_cc100_v50_14,100,100,100,50,148,0,1,"[(0, 2), (2, 3), (2, 4), (2, 6), (3, 4), (3, 10), (4, 2), (4, 5), (4, 32), (5, 6), (5, 7), (6, 7), (6, 27), (7, 5), (7, 8), (7, 43), (8, 9), (8, 10), (8, 38), (9, 2), (9, 10), (9, 29), (10, 8), (10, 11), (11, 3), (11, 12), (11, 13), (12, 3), (12, 5), (12, 13), (12, 31), (13, 11), (13, 14), (14, 10), (14, 15), (14, 16), (14, 25), (14, 31), (15, 16), (16, 14), (16, 17), (17, 18), (17, 19), (18, 4), (18, 19), (19, 4), (19, 17), (19, 20), (19, 37), (20, 17), (20, 21), (20, 22), (21, 22), (22, 20), (22, 23), (22, 38), (23, 7), (23, 24), (23, 25), (24, 17), (24, 25), (24, 49), (25, 23), (25, 26), (26, 27), (26, 28), (27, 10), (27, 28), (27, 29), (27, 45), (28, 1), (28, 20), (28, 26), (28, 29), (28, 44), (29, 30), (29, 31), (30, 31), (31, 12), (31, 29), (31, 32), (31, 44), (32, 5), (32, 18), (32, 33), (32, 34), (32, 44), (32, 46), (32, 47), (33, 10), (33, 34), (33, 41), (34, 9), (34, 32), (34, 35), (35, 36), (35, 37), (36, 16), (36, 37), (37, 3), (37, 10), (37, 35), (37, 38), (38, 1), (38, 4), (38, 16), (38, 39), (38, 40), (39, 6), (39, 15), (39, 40), (40, 3), (40, 38), (40, 41), (41, 9), (41, 42), (41, 43), (42, 6), (42, 11), (42, 30), (42, 34), (42, 43), (42, 44), (43, 2), (43, 19), (43, 26), (43, 33), (43, 41), (43, 44), (44, 30), (44, 45), (44, 46), (45, 4), (45, 23), (45, 46), (46, 25), (46, 44), (46, 47), (47, 5), (47, 48), (47, 49), (48, 21), (48, 22), (48, 27), (48, 49), (49, 1), (49, 27), (49, 47)]"
215,synthetic_cc100_v50_15,100,100,100,50,148,0,1,"[(0, 2), (2, 3), (2, 4), (2, 12), (2, 16), (3, 1), (3, 4), (4, 2), (4, 5), (4, 35), (4, 39), (4, 42), (5, 6), (5, 7), (6, 7), (7, 5), (7, 8), (7, 16), (8, 9), (8, 10), (8, 14), (8, 15), (9, 10), (10, 2), (10, 8), (10, 11), (11, 12), (11, 13), (11, 36), (12, 13), (12, 23), (12, 28), (13, 10), (13, 11), (13, 14), (13, 22), (14, 15), (14, 16), (15, 16), (16, 14), (16, 17), (16, 37), (17, 11), (17, 18), (17, 19), (17, 39), (18, 14), (18, 19), (19, 6), (19, 17), (19, 20), (19, 34), (20, 18), (20, 21), (20, 22), (20, 35), (21, 22), (21, 37), (21, 42), (22, 20), (22, 23), (22, 48), (23, 24), (23, 25), (24, 25), (25, 8), (25, 15), (25, 23), (25, 26), (25, 27), (26, 27), (26, 28), (26, 42), (27, 5), (27, 24), (27, 28), (27, 35), (28, 12), (28, 26), (28, 29), (29, 1), (29, 13), (29, 30), (29, 31), (29, 41), (30, 31), (30, 49), (31, 29), (31, 32), (31, 36), (31, 46), (32, 7), (32, 30), (32, 31), (32, 33), (32, 34), (33, 18), (33, 34), (33, 42), (34, 6), (34, 14), (34, 32), (34, 35), (35, 36), (35, 37), (36, 10), (36, 25), (36, 37), (37, 23), (37, 35), (37, 38), (38, 17), (38, 39), (38, 40), (39, 26), (39, 35), (39, 40), (40, 38), (40, 41), (41, 42), (41, 43), (42, 11), (42, 43), (43, 41), (43, 44), (44, 12), (44, 17), (44, 29), (44, 33), (44, 36), (44, 45), (44, 46), (45, 26), (45, 42), (45, 46), (45, 49), (46, 44), (46, 47), (47, 12), (47, 48), (47, 49), (48, 10), (48, 13), (48, 39), (48, 49), (49, 1), (49, 10), (49, 47)]"
216,synthetic_cc100_v50_16,100,100,100,50,148,0,1,"[(0, 2), (2, 3), (2, 4), (2, 18), (2, 21), (2, 47), (3, 4), (3, 46), (4, 2), (4, 5), (4, 43), (5, 6), (5, 7), (5, 36), (6, 7), (6, 12), (7, 5), (7, 8), (7, 22), (7, 26), (7, 37), (8, 9), (8, 10), (8, 40), (9, 10), (9, 25), (9, 33), (9, 45), (10, 6), (10, 8), (10, 11), (10, 39), (11, 12), (11, 13), (11, 25), (12, 13), (12, 28), (12, 40), (13, 11), (13, 12), (13, 14), (13, 28), (13, 29), (13, 35), (14, 15), (14, 16), (14, 28), (15, 16), (15, 31), (16, 14), (16, 17), (17, 18), (17, 19), (17, 46), (18, 3), (18, 19), (18, 25), (18, 30), (18, 35), (18, 45), (19, 17), (19, 20), (20, 21), (20, 22), (20, 44), (21, 22), (21, 48), (22, 20), (22, 23), (23, 24), (23, 25), (24, 14), (24, 25), (25, 2), (25, 20), (25, 23), (25, 26), (26, 27), (26, 28), (27, 28), (28, 26), (28, 29), (28, 36), (28, 48), (29, 13), (29, 30), (29, 31), (30, 9), (30, 31), (31, 29), (31, 32), (32, 33), (32, 34), (33, 2), (33, 5), (33, 34), (34, 9), (34, 29), (34, 32), (34, 35), (35, 3), (35, 36), (35, 37), (35, 38), (35, 49), (36, 9), (36, 37), (37, 6), (37, 29), (37, 35), (37, 38), (37, 47), (38, 10), (38, 39), (38, 40), (39, 40), (40, 22), (40, 38), (40, 41), (41, 10), (41, 42), (41, 43), (41, 44), (42, 1), (42, 43), (43, 2), (43, 5), (43, 41), (43, 44), (44, 9), (44, 39), (44, 45), (44, 46), (45, 38), (45, 44), (45, 46), (46, 32), (46, 44), (46, 47), (47, 18), (47, 48), (47, 49), (48, 32), (48, 49), (49, 1), (49, 16), (49, 32), (49, 47)]"
217,synthetic_cc100_v50_17,100,100,100,50,148,0,1,"[(0, 2), (2, 3), (2, 4), (2, 14), (2, 34), (3, 4), (4, 2), (4, 5), (4, 8), (4, 31), (5, 6), (5, 7), (6, 7), (6, 38), (7, 5), (7, 8), (7, 28), (7, 37), (7, 42), (8, 9), (8, 10), (9, 4), (9, 10), (10, 8), (10, 11), (11, 1), (11, 12), (11, 13), (11, 26), (11, 42), (12, 13), (12, 23), (12, 26), (12, 44), (12, 49), (13, 11), (13, 14), (13, 48), (14, 15), (14, 16), (14, 21), (14, 35), (14, 42), (15, 2), (15, 13), (15, 16), (16, 8), (16, 14), (16, 17), (16, 40), (17, 9), (17, 18), (17, 19), (17, 36), (18, 19), (18, 39), (19, 11), (19, 17), (19, 20), (19, 48), (20, 2), (20, 6), (20, 19), (20, 21), (20, 22), (20, 44), (21, 22), (22, 20), (22, 23), (23, 24), (23, 25), (23, 38), (24, 2), (24, 25), (24, 38), (25, 11), (25, 23), (25, 26), (25, 29), (26, 27), (26, 28), (26, 31), (27, 28), (28, 12), (28, 13), (28, 26), (28, 29), (28, 36), (29, 30), (29, 31), (30, 11), (30, 31), (31, 29), (31, 32), (32, 33), (32, 34), (32, 38), (33, 31), (33, 34), (34, 3), (34, 32), (34, 35), (35, 36), (35, 37), (36, 37), (36, 39), (37, 15), (37, 35), (37, 38), (38, 22), (38, 31), (38, 39), (38, 40), (38, 44), (39, 2), (39, 11), (39, 32), (39, 40), (40, 31), (40, 38), (40, 41), (41, 12), (41, 42), (41, 43), (42, 9), (42, 43), (42, 45), (43, 41), (43, 44), (44, 8), (44, 20), (44, 45), (44, 46), (45, 15), (45, 46), (46, 44), (46, 47), (47, 2), (47, 32), (47, 38), (47, 48), (47, 49), (48, 49), (49, 1), (49, 9), (49, 37), (49, 40), (49, 47)]"
218,synthetic_cc100_v50_18,100,100,100,50,148,0,1,"[(0, 2), (2, 3), (2, 4), (2, 43), (3, 4), (4, 2), (4, 5), (4, 21), (5, 6), (5, 7), (6, 7), (6, 18), (7, 1), (7, 5), (7, 8), (7, 32), (7, 37), (8, 5), (8, 9), (8, 10), (8, 11), (8, 27), (9, 10), (10, 5), (10, 8), (10, 11), (10, 18), (10, 31), (10, 42), (11, 12), (11, 13), (11, 27), (11, 28), (12, 13), (13, 11), (13, 14), (13, 32), (13, 49), (14, 15), (14, 16), (14, 34), (15, 2), (15, 16), (16, 14), (16, 17), (17, 18), (17, 19), (18, 19), (19, 9), (19, 10), (19, 17), (19, 20), (19, 28), (20, 21), (20, 22), (21, 22), (22, 16), (22, 18), (22, 20), (22, 23), (22, 25), (23, 7), (23, 24), (23, 25), (23, 39), (24, 19), (24, 25), (24, 30), (25, 3), (25, 23), (25, 26), (26, 20), (26, 27), (26, 28), (27, 28), (28, 26), (28, 29), (29, 7), (29, 30), (29, 31), (30, 4), (30, 9), (30, 13), (30, 21), (30, 31), (30, 38), (30, 46), (31, 3), (31, 6), (31, 27), (31, 29), (31, 32), (32, 4), (32, 33), (32, 34), (33, 19), (33, 30), (33, 34), (33, 45), (34, 2), (34, 32), (34, 35), (35, 7), (35, 36), (35, 37), (36, 28), (36, 37), (36, 39), (37, 26), (37, 33), (37, 35), (37, 38), (37, 49), (38, 39), (38, 40), (39, 5), (39, 40), (40, 20), (40, 38), (40, 41), (41, 14), (41, 42), (41, 43), (42, 23), (42, 43), (43, 3), (43, 33), (43, 41), (43, 44), (44, 18), (44, 45), (44, 46), (45, 1), (45, 22), (45, 46), (45, 49), (46, 26), (46, 44), (46, 47), (47, 11), (47, 15), (47, 48), (47, 49), (48, 49), (49, 1), (49, 3), (49, 27), (49, 47)]"
219,synthetic_cc100_v50_19,100,100,100,50,148,0,1,"[(0, 2), (2, 3), (2, 4), (2, 21), (2, 26), (3, 4), (3, 5), (3, 28), (4, 2), (4, 5), (4, 30), (5, 6), (5, 7), (5, 41), (5, 44), (6, 7), (6, 15), (6, 19), (7, 5), (7, 8), (8, 9), (8, 10), (8, 16), (9, 10), (9, 26), (9, 46), (10, 8), (10, 9), (10, 11), (10, 35), (11, 12), (11, 13), (11, 17), (11, 44), (12, 9), (12, 13), (12, 39), (13, 11), (13, 14), (13, 39), (13, 46), (14, 2), (14, 15), (14, 16), (15, 4), (15, 16), (16, 14), (16, 17), (16, 26), (17, 18), (17, 19), (18, 19), (18, 36), (19, 15), (19, 17), (19, 20), (19, 41), (20, 19), (20, 21), (20, 22), (21, 22), (22, 20), (22, 23), (22, 27), (23, 24), (23, 25), (24, 1), (24, 25), (24, 33), (25, 23), (25, 26), (25, 34), (25, 43), (26, 4), (26, 27), (26, 28), (27, 6), (27, 28), (28, 5), (28, 6), (28, 26), (28, 29), (28, 39), (29, 2), (29, 30), (29, 31), (29, 34), (30, 31), (31, 12), (31, 28), (31, 29), (31, 32), (31, 36), (31, 49), (32, 33), (32, 34), (33, 14), (33, 34), (33, 47), (34, 32), (34, 35), (34, 43), (35, 12), (35, 36), (35, 37), (35, 43), (36, 37), (36, 46), (37, 18), (37, 35), (37, 38), (37, 42), (38, 33), (38, 39), (38, 40), (39, 40), (40, 38), (40, 41), (41, 20), (41, 32), (41, 42), (41, 43), (42, 43), (43, 1), (43, 2), (43, 27), (43, 41), (43, 44), (44, 2), (44, 10), (44, 25), (44, 45), (44, 46), (45, 19), (45, 40), (45, 46), (46, 44), (46, 47), (47, 48), (47, 49), (48, 5), (48, 26), (48, 27), (48, 49), (49, 1), (49, 32), (49, 33), (49, 47)]"
220,synthetic_cc100_v50_20,100,100,100,50,148,0,1,"[(0, 2), (2, 3), (2, 4), (3, 1), (3, 4), (3, 5), (3, 11), (3, 20), (3, 21), (3, 47), (4, 2), (4, 3), (4, 5), (4, 24), (5, 6), (5, 7), (5, 24), (5, 40), (6, 7), (6, 9), (6, 21), (7, 5), (7, 8), (7, 21), (8, 9), (8, 10), (8, 23), (9, 10), (9, 13), (9, 17), (9, 44), (10, 8), (10, 11), (10, 40), (11, 12), (11, 13), (12, 13), (12, 34), (13, 1), (13, 11), (13, 14), (13, 26), (13, 27), (14, 12), (14, 15), (14, 16), (15, 16), (15, 48), (16, 7), (16, 14), (16, 17), (16, 19), (16, 32), (17, 18), (17, 19), (18, 19), (18, 22), (18, 26), (18, 34), (19, 12), (19, 14), (19, 17), (19, 20), (19, 32), (20, 21), (20, 22), (21, 16), (21, 22), (21, 25), (21, 34), (22, 20), (22, 23), (23, 24), (23, 25), (23, 49), (24, 25), (24, 30), (24, 38), (25, 23), (25, 26), (25, 42), (26, 27), (26, 28), (27, 28), (27, 36), (28, 26), (28, 29), (29, 30), (29, 31), (30, 9), (30, 31), (31, 29), (31, 32), (31, 40), (32, 17), (32, 33), (32, 34), (32, 48), (33, 31), (33, 34), (34, 32), (34, 35), (34, 44), (35, 22), (35, 36), (35, 37), (36, 13), (36, 20), (36, 37), (37, 10), (37, 22), (37, 35), (37, 36), (37, 38), (38, 7), (38, 39), (38, 40), (38, 44), (39, 9), (39, 30), (39, 40), (40, 19), (40, 22), (40, 32), (40, 38), (40, 41), (41, 21), (41, 42), (41, 43), (41, 46), (42, 18), (42, 43), (42, 44), (43, 41), (43, 44), (44, 45), (44, 46), (45, 21), (45, 46), (46, 44), (46, 47), (47, 48), (47, 49), (48, 20), (48, 28), (48, 49), (49, 1), (49, 47)]"
221,synthetic_cc100_v50_21,100,100,100,50,148,0,1,"[(0, 2), (2, 3), (2, 4), (2, 24), (3, 4), (3, 11), (3, 13), (4, 2), (4, 5), (4, 6), (5, 6), (5, 7), (5, 33), (5, 42), (6, 7), (6, 8), (7, 5), (7, 8), (7, 41), (8, 9), (8, 10), (8, 23), (9, 5), (9, 10), (9, 18), (9, 31), (10, 8), (10, 11), (10, 30), (10, 37), (11, 12), (11, 13), (12, 13), (13, 1), (13, 11), (13, 14), (14, 15), (14, 16), (15, 14), (15, 16), (15, 39), (16, 5), (16, 14), (16, 17), (16, 35), (16, 36), (17, 10), (17, 12), (17, 18), (17, 19), (17, 45), (18, 19), (19, 4), (19, 15), (19, 17), (19, 20), (19, 22), (20, 21), (20, 22), (21, 22), (22, 20), (22, 23), (22, 45), (23, 24), (23, 25), (23, 27), (23, 36), (24, 25), (25, 23), (25, 26), (26, 5), (26, 10), (26, 27), (26, 28), (26, 36), (27, 3), (27, 22), (27, 28), (27, 31), (27, 33), (28, 18), (28, 26), (28, 29), (29, 22), (29, 30), (29, 31), (29, 45), (30, 31), (31, 4), (31, 5), (31, 29), (31, 32), (31, 40), (31, 42), (32, 7), (32, 33), (32, 34), (33, 6), (33, 7), (33, 34), (34, 9), (34, 32), (34, 35), (34, 48), (35, 6), (35, 16), (35, 17), (35, 24), (35, 29), (35, 36), (35, 37), (36, 26), (36, 37), (36, 38), (36, 39), (37, 14), (37, 35), (37, 38), (37, 39), (38, 4), (38, 7), (38, 39), (38, 40), (38, 46), (39, 40), (39, 46), (40, 38), (40, 41), (41, 28), (41, 42), (41, 43), (42, 11), (42, 43), (43, 41), (43, 44), (44, 45), (44, 46), (45, 46), (46, 21), (46, 44), (46, 47), (47, 27), (47, 48), (47, 49), (48, 33), (48, 49), (49, 1), (49, 47)]"
222,synthetic_cc100_v50_22,100,100,100,50,148,0,1,"[(0, 2), (2, 3), (2, 4), (2, 8), (3, 4), (4, 2), (4, 5), (4, 12), (4, 21), (5, 6), (5, 7), (5, 49), (6, 7), (7, 5), (7, 8), (8, 7), (8, 9), (8, 10), (9, 10), (10, 8), (10, 11), (11, 5), (11, 12), (11, 13), (11, 46), (12, 13), (13, 11), (13, 14), (13, 15), (13, 35), (14, 15), (14, 16), (15, 2), (15, 16), (15, 17), (15, 27), (15, 42), (16, 14), (16, 17), (16, 21), (16, 25), (17, 2), (17, 18), (17, 19), (17, 38), (18, 19), (19, 5), (19, 17), (19, 20), (19, 41), (20, 16), (20, 21), (20, 22), (21, 1), (21, 16), (21, 22), (21, 28), (22, 20), (22, 23), (22, 46), (23, 24), (23, 25), (24, 25), (24, 32), (25, 1), (25, 6), (25, 23), (25, 26), (26, 1), (26, 10), (26, 14), (26, 17), (26, 27), (26, 28), (26, 45), (27, 20), (27, 28), (28, 13), (28, 26), (28, 29), (28, 36), (29, 1), (29, 19), (29, 30), (29, 31), (29, 38), (30, 31), (30, 34), (31, 29), (31, 32), (32, 33), (32, 34), (32, 42), (32, 44), (33, 34), (34, 32), (34, 35), (35, 25), (35, 32), (35, 36), (35, 37), (35, 48), (36, 37), (37, 8), (37, 35), (37, 38), (38, 9), (38, 16), (38, 29), (38, 39), (38, 40), (39, 7), (39, 15), (39, 38), (39, 40), (40, 1), (40, 38), (40, 39), (40, 41), (41, 42), (41, 43), (42, 43), (43, 1), (43, 21), (43, 24), (43, 26), (43, 41), (43, 42), (43, 44), (43, 47), (44, 34), (44, 45), (44, 46), (45, 3), (45, 30), (45, 46), (46, 27), (46, 44), (46, 47), (46, 49), (47, 23), (47, 48), (47, 49), (48, 8), (48, 49), (49, 1), (49, 7), (49, 47)]"
223,synthetic_cc100_v50_23,100,100,100,50,148,0,1,"[(0, 2), (2, 3), (2, 4), (2, 29), (2, 43), (2, 48), (3, 4), (3, 37), (4, 1), (4, 2), (4, 5), (4, 22), (4, 33), (5, 4), (5, 6), (5, 7), (5, 19), (6, 7), (6, 12), (6, 26), (6, 37), (7, 5), (7, 8), (7, 27), (8, 9), (8, 10), (8, 34), (9, 10), (10, 8), (10, 11), (10, 39), (11, 12), (11, 13), (11, 14), (11, 34), (11, 39), (11, 41), (12, 13), (12, 40), (13, 11), (13, 14), (13, 40), (14, 15), (14, 16), (15, 7), (15, 16), (16, 3), (16, 14), (16, 17), (16, 24), (17, 18), (17, 19), (17, 34), (18, 19), (19, 17), (19, 20), (20, 21), (20, 22), (20, 45), (21, 8), (21, 22), (21, 26), (22, 20), (22, 23), (23, 24), (23, 25), (24, 5), (24, 20), (24, 25), (24, 28), (24, 47), (24, 49), (25, 23), (25, 26), (25, 42), (26, 2), (26, 25), (26, 27), (26, 28), (26, 46), (27, 28), (27, 46), (28, 26), (28, 29), (28, 46), (29, 17), (29, 25), (29, 30), (29, 31), (30, 8), (30, 31), (31, 29), (31, 32), (31, 49), (32, 33), (32, 34), (32, 42), (33, 13), (33, 15), (33, 34), (34, 6), (34, 7), (34, 16), (34, 32), (34, 35), (35, 36), (35, 37), (36, 18), (36, 37), (37, 34), (37, 35), (37, 38), (37, 48), (38, 29), (38, 39), (38, 40), (39, 1), (39, 40), (40, 3), (40, 7), (40, 38), (40, 39), (40, 41), (40, 47), (41, 42), (41, 43), (42, 3), (42, 43), (43, 41), (43, 44), (44, 29), (44, 45), (44, 46), (45, 46), (46, 27), (46, 44), (46, 47), (47, 14), (47, 24), (47, 35), (47, 48), (47, 49), (48, 8), (48, 49), (49, 1), (49, 26), (49, 37), (49, 47)]"
224,synthetic_cc100_v50_24,100,100,100,50,148,0,1,"[(0, 2), (2, 3), (2, 4), (2, 16), (3, 4), (4, 2), (4, 5), (4, 41), (5, 6), (5, 7), (5, 38), (5, 42), (5, 49), (6, 1), (6, 7), (6, 8), (7, 5), (7, 8), (7, 19), (8, 9), (8, 10), (9, 10), (9, 33), (10, 8), (10, 11), (10, 22), (11, 6), (11, 12), (11, 13), (11, 24), (12, 13), (13, 11), (13, 14), (13, 43), (14, 15), (14, 16), (14, 17), (15, 16), (16, 14), (16, 17), (17, 18), (17, 19), (17, 20), (17, 21), (17, 27), (17, 44), (18, 19), (19, 17), (19, 20), (20, 21), (20, 22), (20, 30), (20, 40), (21, 14), (21, 22), (22, 3), (22, 20), (22, 23), (23, 24), (23, 25), (23, 31), (23, 44), (24, 12), (24, 25), (24, 39), (24, 46), (24, 49), (25, 23), (25, 26), (25, 30), (26, 18), (26, 27), (26, 28), (27, 13), (27, 28), (28, 17), (28, 26), (28, 29), (28, 30), (29, 22), (29, 30), (29, 31), (30, 7), (30, 31), (31, 13), (31, 19), (31, 29), (31, 32), (31, 49), (32, 33), (32, 34), (33, 16), (33, 34), (34, 32), (34, 35), (35, 30), (35, 36), (35, 37), (36, 6), (36, 9), (36, 37), (37, 23), (37, 29), (37, 35), (37, 38), (37, 44), (38, 34), (38, 35), (38, 39), (38, 40), (39, 40), (39, 49), (40, 12), (40, 23), (40, 38), (40, 41), (40, 47), (41, 5), (41, 9), (41, 42), (41, 43), (42, 1), (42, 43), (43, 16), (43, 41), (43, 44), (44, 10), (44, 45), (44, 46), (45, 8), (45, 14), (45, 18), (45, 20), (45, 21), (45, 46), (46, 35), (46, 44), (46, 47), (47, 10), (47, 35), (47, 46), (47, 48), (47, 49), (48, 7), (48, 49), (49, 1), (49, 43), (49, 47)]"
225,synthetic_cc100_v50_25,100,100,100,50,148,0,1,"[(0, 2), (2, 3), (2, 4), (2, 8), (2, 25), (2, 36), (3, 4), (3, 15), (3, 36), (3, 49), (4, 2), (4, 5), (4, 11), (4, 40), (5, 6), (5, 7), (6, 7), (7, 5), (7, 8), (8, 9), (8, 10), (8, 30), (8, 35), (8, 45), (9, 10), (9, 31), (10, 8), (10, 11), (10, 46), (11, 10), (11, 12), (11, 13), (11, 36), (11, 44), (12, 2), (12, 13), (12, 29), (12, 47), (12, 49), (13, 11), (13, 14), (13, 22), (13, 40), (13, 44), (14, 15), (14, 16), (14, 20), (15, 16), (15, 35), (15, 46), (16, 4), (16, 14), (16, 17), (16, 36), (17, 18), (17, 19), (17, 22), (17, 48), (18, 19), (19, 8), (19, 10), (19, 17), (19, 20), (19, 43), (20, 21), (20, 22), (20, 29), (21, 4), (21, 14), (21, 22), (21, 42), (21, 44), (22, 20), (22, 23), (23, 24), (23, 25), (23, 29), (24, 25), (25, 4), (25, 15), (25, 23), (25, 26), (25, 36), (26, 27), (26, 28), (27, 28), (27, 33), (27, 43), (28, 26), (28, 29), (28, 34), (28, 38), (29, 26), (29, 30), (29, 31), (29, 42), (30, 15), (30, 31), (31, 27), (31, 29), (31, 32), (32, 10), (32, 27), (32, 33), (32, 34), (32, 38), (32, 49), (33, 5), (33, 34), (34, 32), (34, 35), (35, 36), (35, 37), (35, 38), (36, 23), (36, 37), (37, 35), (37, 38), (38, 6), (38, 15), (38, 39), (38, 40), (39, 40), (40, 38), (40, 41), (40, 42), (41, 42), (41, 43), (42, 43), (42, 49), (43, 41), (43, 44), (44, 45), (44, 46), (45, 3), (45, 46), (46, 44), (46, 47), (47, 43), (47, 48), (47, 49), (48, 23), (48, 30), (48, 49), (49, 1), (49, 10), (49, 33), (49, 47)]"
226,synthetic_cc100_v50_26,100,100,100,50,148,0,1,"[(0, 2), (2, 3), (2, 4), (3, 4), (3, 26), (3, 35), (4, 2), (4, 5), (4, 11), (4, 29), (5, 6), (5, 7), (5, 40), (5, 45), (6, 7), (6, 13), (6, 40), (6, 44), (7, 5), (7, 8), (7, 42), (8, 9), (8, 10), (8, 24), (9, 10), (10, 8), (10, 11), (10, 16), (11, 12), (11, 13), (11, 20), (12, 10), (12, 13), (12, 38), (12, 47), (13, 11), (13, 14), (13, 47), (14, 15), (14, 16), (14, 37), (14, 40), (15, 16), (16, 14), (16, 17), (16, 21), (17, 5), (17, 15), (17, 18), (17, 19), (17, 24), (17, 27), (18, 10), (18, 19), (18, 27), (18, 31), (18, 32), (19, 17), (19, 20), (19, 29), (20, 21), (20, 22), (20, 39), (20, 48), (21, 22), (21, 39), (22, 20), (22, 23), (23, 15), (23, 24), (23, 25), (24, 12), (24, 25), (24, 28), (25, 7), (25, 16), (25, 23), (25, 26), (26, 27), (26, 28), (27, 28), (27, 47), (28, 26), (28, 29), (28, 46), (29, 30), (29, 31), (30, 31), (30, 34), (31, 21), (31, 29), (31, 32), (31, 34), (32, 3), (32, 10), (32, 15), (32, 33), (32, 34), (32, 36), (33, 19), (33, 34), (34, 32), (34, 35), (34, 37), (35, 20), (35, 36), (35, 37), (35, 45), (36, 31), (36, 37), (37, 2), (37, 35), (37, 38), (37, 45), (38, 9), (38, 39), (38, 40), (39, 3), (39, 40), (40, 20), (40, 38), (40, 41), (41, 12), (41, 42), (41, 43), (42, 24), (42, 25), (42, 35), (42, 43), (43, 35), (43, 41), (43, 44), (44, 31), (44, 45), (44, 46), (45, 5), (45, 46), (46, 5), (46, 14), (46, 30), (46, 44), (46, 47), (47, 48), (47, 49), (48, 19), (48, 49), (49, 1), (49, 47)]"
227,synthetic_cc100_v50_27,100,100,100,50,148,0,1,"[(0, 2), (2, 3), (2, 4), (2, 21), (2, 32), (2, 38), (2, 47), (3, 4), (3, 8), (3, 13), (3, 28), (3, 46), (4, 2), (4, 5), (5, 6), (5, 7), (5, 21), (5, 33), (6, 7), (7, 5), (7, 8), (8, 9), (8, 10), (8, 45), (9, 10), (9, 13), (10, 8), (10, 11), (10, 13), (11, 12), (11, 13), (11, 23), (11, 32), (12, 13), (12, 27), (13, 11), (13, 14), (14, 5), (14, 15), (14, 16), (15, 16), (15, 18), (15, 46), (16, 14), (16, 17), (16, 45), (17, 18), (17, 19), (18, 19), (19, 12), (19, 17), (19, 20), (20, 2), (20, 21), (20, 22), (20, 32), (21, 22), (21, 43), (22, 20), (22, 23), (22, 34), (23, 24), (23, 25), (23, 39), (23, 44), (24, 25), (24, 27), (24, 33), (25, 14), (25, 23), (25, 26), (26, 27), (26, 28), (27, 7), (27, 16), (27, 19), (27, 28), (28, 2), (28, 4), (28, 26), (28, 29), (29, 30), (29, 31), (29, 41), (30, 9), (30, 27), (30, 31), (30, 48), (31, 4), (31, 13), (31, 16), (31, 18), (31, 29), (31, 32), (32, 26), (32, 33), (32, 34), (32, 36), (32, 41), (33, 34), (33, 38), (33, 40), (34, 32), (34, 35), (34, 40), (35, 17), (35, 36), (35, 37), (35, 43), (36, 14), (36, 37), (37, 3), (37, 10), (37, 35), (37, 38), (38, 11), (38, 39), (38, 40), (39, 4), (39, 32), (39, 35), (39, 40), (39, 49), (40, 32), (40, 38), (40, 41), (40, 45), (41, 42), (41, 43), (42, 8), (42, 9), (42, 43), (43, 41), (43, 44), (44, 38), (44, 45), (44, 46), (45, 20), (45, 46), (46, 44), (46, 47), (47, 11), (47, 48), (47, 49), (48, 16), (48, 49), (49, 1), (49, 47)]"
228,synthetic_cc100_v50_28,100,100,100,50,148,0,1,"[(0, 2), (2, 3), (2, 4), (2, 21), (2, 23), (3, 4), (4, 2), (4, 5), (5, 6), (5, 7), (5, 13), (5, 27), (6, 7), (7, 5), (7, 8), (7, 49), (8, 9), (8, 10), (8, 12), (8, 19), (9, 4), (9, 10), (9, 17), (10, 8), (10, 11), (11, 12), (11, 13), (12, 13), (13, 11), (13, 14), (14, 3), (14, 15), (14, 16), (14, 35), (15, 16), (16, 14), (16, 17), (16, 33), (16, 43), (17, 18), (17, 19), (17, 46), (18, 19), (18, 48), (19, 11), (19, 17), (19, 20), (19, 31), (19, 32), (19, 45), (20, 14), (20, 21), (20, 22), (20, 42), (21, 3), (21, 16), (21, 22), (22, 20), (22, 23), (23, 13), (23, 22), (23, 24), (23, 25), (23, 34), (24, 25), (25, 15), (25, 23), (25, 26), (25, 32), (26, 4), (26, 17), (26, 21), (26, 27), (26, 28), (26, 42), (27, 28), (27, 40), (27, 42), (28, 26), (28, 29), (29, 3), (29, 30), (29, 31), (30, 13), (30, 26), (30, 31), (31, 8), (31, 29), (31, 32), (31, 36), (31, 41), (32, 33), (32, 34), (33, 26), (33, 34), (33, 38), (34, 12), (34, 32), (34, 35), (35, 6), (35, 15), (35, 36), (35, 37), (35, 45), (36, 37), (37, 8), (37, 35), (37, 38), (38, 25), (38, 39), (38, 40), (39, 4), (39, 40), (40, 9), (40, 11), (40, 32), (40, 38), (40, 41), (40, 46), (41, 34), (41, 42), (41, 43), (42, 43), (43, 41), (43, 44), (44, 33), (44, 45), (44, 46), (45, 15), (45, 32), (45, 36), (45, 46), (46, 27), (46, 44), (46, 47), (47, 22), (47, 35), (47, 42), (47, 48), (47, 49), (48, 40), (48, 49), (49, 1), (49, 6), (49, 19), (49, 40), (49, 41), (49, 47)]"
229,synthetic_cc100_v50_29,100,100,100,50,148,0,1,"[(0, 2), (2, 3), (2, 4), (2, 6), (2, 30), (2, 42), (3, 4), (3, 5), (3, 25), (3, 42), (4, 2), (4, 5), (5, 6), (5, 7), (5, 11), (5, 13), (6, 7), (7, 5), (7, 8), (8, 9), (8, 10), (9, 3), (9, 10), (10, 8), (10, 11), (10, 36), (10, 39), (10, 40), (11, 12), (11, 13), (12, 13), (12, 16), (12, 46), (13, 11), (13, 14), (13, 18), (14, 15), (14, 16), (14, 18), (15, 14), (15, 16), (15, 21), (16, 3), (16, 14), (16, 17), (17, 18), (17, 19), (17, 41), (17, 49), (18, 19), (19, 2), (19, 17), (19, 20), (19, 39), (19, 43), (19, 46), (20, 21), (20, 22), (20, 24), (20, 33), (21, 14), (21, 22), (21, 24), (21, 30), (22, 8), (22, 15), (22, 20), (22, 23), (22, 28), (23, 24), (23, 25), (23, 47), (24, 25), (25, 7), (25, 12), (25, 23), (25, 26), (25, 35), (26, 22), (26, 27), (26, 28), (26, 37), (27, 28), (27, 30), (28, 26), (28, 29), (28, 35), (28, 41), (29, 30), (29, 31), (30, 31), (31, 29), (31, 32), (31, 33), (32, 26), (32, 30), (32, 33), (32, 34), (32, 41), (32, 47), (33, 34), (34, 32), (34, 35), (35, 7), (35, 36), (35, 37), (36, 20), (36, 37), (37, 20), (37, 35), (37, 38), (38, 14), (38, 39), (38, 40), (39, 40), (40, 8), (40, 24), (40, 38), (40, 41), (40, 43), (41, 17), (41, 30), (41, 42), (41, 43), (42, 8), (42, 29), (42, 35), (42, 43), (43, 30), (43, 41), (43, 44), (44, 17), (44, 45), (44, 46), (45, 42), (45, 46), (46, 24), (46, 44), (46, 47), (47, 2), (47, 48), (47, 49), (48, 3), (48, 46), (48, 49), (49, 1), (49, 14), (49, 47)]"
230,synthetic_cc100_v50_30,100,100,100,50,148,0,1,"[(0, 2), (2, 3), (2, 4), (2, 25), (2, 29), (3, 4), (4, 2), (4, 5), (4, 7), (4, 26), (5, 1), (5, 6), (5, 7), (5, 14), (5, 41), (6, 7), (6, 13), (6, 39), (7, 5), (7, 8), (7, 48), (8, 9), (8, 10), (9, 10), (9, 44), (10, 8), (10, 11), (10, 19), (10, 29), (11, 12), (11, 13), (11, 14), (12, 13), (12, 20), (13, 10), (13, 11), (13, 14), (13, 22), (13, 28), (13, 44), (14, 13), (14, 15), (14, 16), (14, 25), (14, 39), (15, 7), (15, 16), (16, 4), (16, 14), (16, 17), (17, 11), (17, 18), (17, 19), (17, 41), (17, 48), (18, 19), (19, 17), (19, 20), (20, 21), (20, 22), (21, 6), (21, 22), (22, 20), (22, 23), (23, 24), (23, 25), (23, 45), (24, 12), (24, 25), (25, 23), (25, 26), (26, 1), (26, 23), (26, 27), (26, 28), (27, 28), (27, 44), (28, 26), (28, 29), (28, 34), (28, 43), (29, 15), (29, 30), (29, 31), (30, 3), (30, 18), (30, 20), (30, 29), (30, 31), (31, 13), (31, 25), (31, 29), (31, 32), (31, 49), (32, 33), (32, 34), (33, 3), (33, 16), (33, 34), (34, 27), (34, 32), (34, 35), (35, 36), (35, 37), (35, 40), (35, 44), (35, 47), (36, 35), (36, 37), (36, 39), (36, 40), (37, 16), (37, 35), (37, 38), (38, 39), (38, 40), (39, 20), (39, 40), (39, 42), (40, 22), (40, 38), (40, 41), (41, 8), (41, 42), (41, 43), (42, 43), (43, 17), (43, 44), (44, 8), (44, 13), (44, 15), (44, 45), (44, 46), (45, 40), (45, 46), (45, 49), (46, 6), (46, 44), (46, 47), (47, 45), (47, 46), (47, 48), (47, 49), (48, 25), (48, 49), (49, 1), (49, 15), (49, 47)]"
231,synthetic_cc100_v50_31,100,100,100,50,148,0,1,"[(0, 2), (2, 3), (2, 4), (2, 11), (3, 4), (3, 5), (3, 11), (3, 20), (4, 2), (4, 5), (4, 9), (4, 11), (5, 6), (5, 7), (5, 45), (6, 7), (7, 5), (7, 8), (8, 9), (8, 10), (8, 20), (9, 10), (9, 22), (9, 23), (10, 8), (10, 11), (11, 12), (11, 13), (11, 21), (11, 40), (12, 5), (12, 13), (12, 32), (13, 11), (13, 14), (13, 27), (14, 12), (14, 15), (14, 16), (14, 31), (15, 16), (15, 23), (15, 39), (16, 4), (16, 7), (16, 14), (16, 17), (16, 44), (17, 15), (17, 18), (17, 19), (17, 28), (18, 19), (19, 17), (19, 20), (19, 30), (19, 35), (19, 47), (20, 10), (20, 15), (20, 21), (20, 22), (20, 26), (21, 22), (21, 28), (22, 20), (22, 23), (23, 24), (23, 25), (23, 41), (23, 46), (24, 12), (24, 25), (25, 23), (25, 26), (25, 38), (25, 42), (26, 27), (26, 28), (27, 16), (27, 23), (27, 28), (28, 9), (28, 11), (28, 26), (28, 29), (29, 14), (29, 27), (29, 30), (29, 31), (30, 25), (30, 31), (31, 29), (31, 32), (32, 14), (32, 33), (32, 34), (33, 34), (33, 40), (33, 42), (34, 12), (34, 32), (34, 35), (34, 37), (35, 36), (35, 37), (36, 37), (36, 47), (37, 35), (37, 38), (38, 12), (38, 20), (38, 39), (38, 40), (39, 22), (39, 30), (39, 40), (40, 38), (40, 41), (40, 49), (41, 10), (41, 11), (41, 28), (41, 34), (41, 42), (41, 43), (42, 6), (42, 43), (43, 9), (43, 29), (43, 41), (43, 44), (43, 45), (44, 45), (44, 46), (45, 46), (46, 7), (46, 30), (46, 44), (46, 47), (47, 3), (47, 10), (47, 48), (47, 49), (48, 5), (48, 49), (49, 1), (49, 47)]"
232,synthetic_cc100_v50_32,100,100,100,50,148,0,1,"[(0, 2), (2, 3), (2, 4), (2, 41), (3, 4), (3, 14), (3, 32), (4, 2), (4, 5), (4, 29), (5, 6), (5, 7), (5, 42), (5, 48), (6, 7), (6, 34), (6, 36), (7, 5), (7, 8), (7, 23), (7, 24), (7, 48), (8, 5), (8, 9), (8, 10), (9, 10), (9, 31), (9, 40), (10, 8), (10, 11), (11, 12), (11, 13), (11, 15), (12, 11), (12, 13), (12, 29), (12, 33), (12, 35), (12, 46), (13, 11), (13, 14), (14, 15), (14, 16), (14, 20), (14, 25), (15, 16), (16, 13), (16, 14), (16, 17), (16, 19), (16, 31), (16, 45), (17, 6), (17, 18), (17, 19), (18, 5), (18, 17), (18, 19), (19, 17), (19, 20), (20, 21), (21, 10), (21, 22), (21, 28), (22, 20), (22, 21), (22, 23), (23, 2), (23, 8), (23, 12), (23, 24), (23, 25), (23, 28), (23, 30), (23, 40), (24, 25), (25, 23), (25, 26), (26, 27), (26, 28), (27, 28), (27, 32), (28, 1), (28, 21), (28, 24), (28, 26), (28, 29), (28, 30), (28, 49), (29, 27), (29, 30), (29, 31), (29, 42), (30, 21), (30, 31), (30, 33), (30, 44), (31, 29), (31, 32), (32, 33), (32, 34), (33, 34), (33, 39), (34, 25), (34, 32), (34, 35), (35, 36), (35, 37), (36, 37), (36, 48), (37, 35), (37, 38), (37, 43), (38, 39), (38, 40), (38, 45), (39, 7), (39, 40), (40, 33), (40, 38), (40, 41), (40, 48), (40, 49), (41, 42), (41, 43), (42, 43), (43, 11), (43, 41), (43, 44), (44, 3), (44, 14), (44, 34), (44, 45), (44, 46), (45, 4), (45, 9), (45, 41), (45, 44), (45, 46), (46, 44), (46, 47), (47, 48), (47, 49), (48, 4), (48, 15), (48, 49), (49, 1), (49, 47)]"
233,synthetic_cc100_v50_33,100,100,100,50,148,0,1,"[(0, 2), (2, 3), (2, 4), (3, 4), (3, 39), (4, 2), (4, 5), (4, 31), (5, 6), (5, 7), (5, 44), (6, 3), (6, 7), (6, 29), (7, 5), (7, 8), (7, 19), (7, 28), (8, 9), (8, 10), (9, 10), (9, 26), (9, 44), (9, 47), (10, 8), (10, 11), (10, 19), (11, 12), (11, 13), (11, 39), (11, 48), (12, 7), (12, 13), (12, 15), (12, 17), (12, 46), (13, 11), (13, 14), (13, 46), (14, 15), (14, 16), (14, 23), (15, 16), (15, 25), (16, 14), (16, 17), (16, 35), (16, 36), (17, 18), (17, 19), (18, 16), (18, 19), (19, 17), (19, 20), (20, 21), (20, 22), (20, 36), (21, 6), (21, 22), (22, 20), (22, 23), (23, 24), (23, 25), (23, 32), (23, 33), (23, 44), (24, 25), (24, 38), (25, 23), (25, 26), (25, 49), (26, 21), (26, 27), (26, 28), (26, 34), (26, 48), (27, 2), (27, 28), (27, 35), (28, 26), (28, 29), (29, 1), (29, 22), (29, 27), (29, 30), (29, 31), (30, 6), (30, 8), (30, 31), (31, 13), (31, 24), (31, 29), (31, 32), (32, 3), (32, 33), (32, 34), (32, 36), (33, 34), (34, 10), (34, 32), (34, 35), (34, 47), (35, 12), (35, 20), (35, 36), (35, 37), (35, 41), (35, 45), (36, 37), (37, 16), (37, 18), (37, 35), (37, 38), (38, 10), (38, 30), (38, 37), (38, 39), (38, 40), (39, 25), (39, 26), (39, 40), (40, 38), (40, 41), (41, 39), (41, 42), (41, 43), (42, 26), (42, 43), (43, 11), (43, 41), (43, 44), (44, 45), (44, 46), (45, 3), (45, 9), (45, 12), (45, 46), (46, 44), (46, 47), (46, 48), (47, 34), (47, 36), (47, 48), (47, 49), (48, 10), (48, 49), (49, 1), (49, 47)]"
234,synthetic_cc100_v50_34,100,100,100,50,148,0,1,"[(0, 2), (2, 3), (2, 4), (2, 26), (2, 32), (3, 4), (3, 40), (4, 2), (4, 5), (4, 6), (5, 6), (5, 7), (5, 28), (6, 7), (6, 10), (6, 14), (7, 5), (7, 8), (7, 10), (7, 32), (8, 9), (8, 10), (8, 23), (9, 10), (9, 23), (9, 25), (10, 8), (10, 11), (11, 12), (11, 13), (11, 39), (12, 13), (12, 47), (13, 11), (13, 14), (13, 28), (14, 15), (14, 16), (14, 20), (14, 43), (15, 16), (15, 32), (15, 36), (15, 48), (16, 8), (16, 14), (16, 17), (16, 30), (17, 18), (17, 19), (17, 40), (17, 47), (18, 19), (19, 17), (19, 20), (19, 48), (19, 49), (20, 21), (20, 22), (20, 25), (21, 22), (21, 44), (22, 20), (22, 23), (23, 5), (23, 24), (23, 25), (23, 32), (23, 35), (24, 25), (24, 39), (25, 23), (25, 26), (26, 27), (26, 28), (27, 26), (27, 28), (27, 39), (27, 44), (28, 11), (28, 26), (28, 29), (28, 42), (29, 30), (29, 31), (29, 38), (29, 43), (30, 31), (31, 27), (31, 29), (31, 32), (32, 12), (32, 33), (32, 34), (33, 34), (34, 32), (34, 35), (35, 36), (35, 37), (35, 40), (36, 37), (36, 49), (37, 12), (37, 14), (37, 35), (37, 38), (38, 39), (38, 40), (39, 5), (39, 7), (39, 40), (39, 45), (40, 11), (40, 20), (40, 38), (40, 41), (40, 48), (41, 2), (41, 39), (41, 42), (41, 43), (42, 1), (42, 35), (42, 43), (42, 46), (43, 17), (43, 21), (43, 31), (43, 41), (43, 44), (44, 6), (44, 45), (44, 46), (45, 46), (46, 11), (46, 40), (46, 44), (46, 47), (47, 12), (47, 31), (47, 48), (47, 49), (48, 15), (48, 37), (48, 47), (48, 49), (49, 1), (49, 47)]"
235,synthetic_cc100_v50_35,100,100,100,50,148,0,1,"[(0, 2), (2, 3), (2, 4), (2, 40), (3, 4), (3, 8), (4, 2), (4, 5), (4, 9), (4, 23), (5, 6), (5, 7), (5, 19), (5, 20), (5, 42), (6, 7), (6, 24), (6, 31), (7, 5), (7, 6), (7, 8), (8, 9), (8, 10), (9, 5), (9, 10), (9, 35), (9, 46), (10, 8), (10, 11), (11, 12), (11, 13), (11, 17), (11, 20), (11, 28), (12, 13), (12, 26), (12, 39), (13, 11), (13, 14), (13, 30), (13, 49), (14, 15), (14, 16), (15, 16), (15, 25), (15, 40), (16, 14), (16, 17), (16, 19), (16, 25), (16, 33), (16, 46), (17, 18), (17, 19), (18, 12), (18, 19), (18, 30), (19, 12), (19, 17), (19, 20), (20, 21), (20, 22), (21, 3), (21, 22), (21, 48), (22, 17), (22, 20), (22, 23), (23, 24), (23, 25), (24, 19), (24, 25), (25, 23), (25, 26), (26, 27), (26, 28), (27, 25), (27, 28), (28, 26), (28, 29), (29, 30), (29, 31), (29, 32), (29, 33), (29, 45), (30, 25), (30, 26), (30, 31), (30, 47), (31, 21), (31, 29), (31, 32), (32, 7), (32, 18), (32, 33), (32, 34), (33, 3), (33, 11), (33, 27), (33, 34), (33, 49), (34, 32), (34, 35), (34, 42), (35, 36), (35, 37), (35, 41), (36, 30), (36, 32), (36, 37), (36, 48), (37, 10), (37, 34), (37, 35), (37, 38), (38, 16), (38, 36), (38, 39), (38, 40), (39, 6), (39, 28), (39, 40), (40, 38), (40, 41), (41, 42), (41, 43), (42, 39), (42, 43), (42, 47), (43, 40), (43, 41), (43, 44), (44, 43), (44, 45), (44, 46), (45, 46), (46, 44), (46, 47), (47, 4), (47, 26), (47, 34), (47, 37), (47, 48), (47, 49), (48, 49), (49, 1), (49, 25), (49, 47)]"
236,synthetic_cc100_v50_36,100,100,100,50,148,0,1,"[(0, 2), (2, 3), (2, 4), (2, 27), (3, 4), (3, 33), (4, 2), (4, 5), (4, 13), (4, 42), (4, 45), (5, 6), (5, 7), (5, 25), (6, 7), (6, 25), (6, 35), (6, 37), (7, 5), (7, 8), (8, 1), (8, 9), (8, 10), (8, 14), (9, 10), (10, 8), (10, 11), (10, 12), (11, 12), (11, 13), (11, 44), (12, 2), (12, 13), (12, 29), (13, 11), (13, 14), (14, 15), (14, 16), (14, 19), (14, 41), (15, 1), (15, 16), (15, 24), (16, 14), (16, 17), (16, 36), (16, 42), (17, 4), (17, 18), (17, 19), (17, 46), (18, 7), (18, 19), (19, 17), (19, 20), (19, 21), (19, 44), (20, 11), (20, 21), (20, 22), (21, 22), (21, 31), (22, 2), (22, 5), (22, 11), (22, 20), (22, 23), (23, 24), (23, 25), (23, 39), (24, 25), (25, 16), (25, 18), (25, 21), (25, 23), (25, 26), (25, 28), (25, 49), (26, 3), (26, 11), (26, 27), (26, 28), (27, 28), (28, 26), (28, 29), (29, 30), (29, 31), (30, 31), (30, 32), (30, 49), (31, 29), (31, 32), (32, 3), (32, 4), (32, 33), (32, 34), (33, 18), (33, 34), (33, 47), (34, 32), (34, 35), (35, 36), (35, 37), (36, 3), (36, 13), (36, 37), (37, 35), (37, 38), (38, 13), (38, 18), (38, 32), (38, 34), (38, 39), (38, 40), (39, 14), (39, 40), (39, 42), (40, 3), (40, 10), (40, 13), (40, 26), (40, 37), (40, 38), (40, 41), (41, 26), (41, 42), (41, 43), (42, 21), (42, 43), (43, 2), (43, 41), (43, 44), (44, 23), (44, 45), (44, 46), (45, 30), (45, 46), (45, 48), (46, 17), (46, 44), (46, 47), (47, 48), (47, 49), (48, 11), (48, 35), (48, 49), (49, 1), (49, 47)]"
237,synthetic_cc100_v50_37,100,100,100,50,148,0,1,"[(0, 2), (2, 3), (2, 4), (2, 24), (3, 4), (3, 7), (3, 38), (3, 39), (4, 2), (4, 5), (4, 27), (4, 28), (4, 36), (5, 6), (5, 7), (6, 7), (6, 11), (6, 33), (6, 47), (7, 5), (7, 8), (8, 9), (8, 10), (8, 41), (9, 10), (9, 14), (10, 8), (10, 11), (10, 12), (10, 15), (10, 37), (11, 12), (11, 13), (11, 26), (11, 46), (12, 6), (12, 7), (12, 13), (13, 11), (13, 14), (14, 15), (14, 16), (15, 16), (15, 30), (15, 34), (16, 14), (16, 17), (17, 18), (17, 19), (17, 31), (17, 32), (18, 19), (18, 40), (19, 16), (19, 17), (19, 20), (20, 15), (20, 21), (20, 22), (20, 42), (21, 16), (21, 22), (21, 26), (21, 30), (22, 19), (22, 20), (22, 23), (22, 30), (23, 24), (23, 25), (23, 34), (24, 25), (25, 23), (25, 26), (26, 27), (26, 28), (26, 30), (27, 24), (27, 28), (28, 26), (28, 29), (29, 22), (29, 30), (29, 31), (29, 35), (30, 31), (31, 11), (31, 23), (31, 26), (31, 29), (31, 32), (32, 33), (32, 34), (33, 34), (34, 32), (34, 35), (34, 38), (35, 8), (35, 14), (35, 26), (35, 36), (35, 37), (35, 38), (36, 25), (36, 37), (37, 35), (37, 38), (38, 39), (38, 40), (39, 35), (39, 40), (40, 25), (40, 38), (40, 41), (40, 44), (41, 32), (41, 42), (41, 43), (41, 46), (42, 27), (42, 43), (43, 28), (43, 41), (43, 44), (43, 48), (44, 10), (44, 32), (44, 34), (44, 45), (44, 46), (45, 14), (45, 23), (45, 35), (45, 46), (46, 25), (46, 44), (46, 47), (47, 7), (47, 48), (47, 49), (48, 2), (48, 4), (48, 49), (49, 1), (49, 2), (49, 10), (49, 15), (49, 47)]"
238,synthetic_cc100_v50_38,100,100,100,50,148,0,1,"[(0, 2), (2, 3), (2, 4), (3, 4), (3, 17), (3, 33), (4, 2), (4, 5), (4, 13), (4, 17), (4, 21), (4, 36), (5, 6), (5, 7), (6, 7), (6, 22), (7, 5), (7, 8), (7, 14), (8, 9), (8, 10), (8, 38), (9, 10), (9, 17), (9, 20), (9, 36), (9, 49), (10, 8), (10, 11), (10, 19), (10, 33), (10, 49), (11, 7), (11, 12), (11, 13), (11, 28), (12, 13), (13, 11), (13, 14), (13, 16), (14, 15), (14, 16), (15, 16), (15, 41), (16, 14), (16, 17), (16, 44), (17, 18), (17, 19), (17, 25), (18, 9), (18, 10), (18, 19), (19, 17), (19, 20), (19, 44), (20, 21), (20, 22), (21, 22), (21, 26), (21, 31), (22, 20), (22, 23), (23, 24), (23, 25), (24, 25), (24, 41), (25, 23), (25, 26), (25, 29), (25, 36), (25, 38), (25, 43), (25, 48), (26, 21), (26, 25), (26, 27), (26, 28), (27, 17), (27, 28), (27, 35), (28, 26), (28, 29), (28, 40), (28, 44), (29, 30), (29, 31), (29, 35), (29, 47), (30, 31), (30, 34), (31, 5), (31, 29), (31, 32), (31, 34), (32, 33), (32, 34), (32, 35), (32, 42), (33, 34), (34, 13), (34, 32), (34, 35), (35, 36), (35, 37), (36, 30), (36, 37), (37, 35), (37, 38), (37, 39), (38, 3), (38, 4), (38, 11), (38, 35), (38, 39), (38, 40), (39, 18), (39, 40), (40, 38), (40, 41), (41, 20), (41, 42), (41, 43), (42, 23), (42, 43), (43, 17), (43, 22), (43, 41), (43, 44), (44, 45), (44, 46), (45, 35), (45, 46), (46, 1), (46, 26), (46, 44), (46, 47), (46, 49), (47, 16), (47, 48), (47, 49), (48, 12), (48, 49), (49, 1), (49, 33), (49, 35), (49, 47), (49, 48)]"
239,synthetic_cc100_v50_39,100,100,100,50,148,0,1,"[(0, 2), (2, 3), (2, 4), (2, 38), (2, 39), (3, 4), (3, 9), (3, 44), (4, 2), (4, 5), (4, 25), (5, 1), (5, 6), (5, 7), (5, 14), (6, 5), (6, 7), (6, 28), (6, 31), (6, 43), (6, 45), (7, 5), (7, 8), (7, 20), (7, 47), (8, 1), (8, 5), (8, 9), (8, 10), (8, 16), (9, 8), (9, 10), (9, 42), (10, 3), (10, 8), (10, 11), (11, 12), (11, 13), (12, 13), (12, 32), (13, 11), (13, 14), (13, 18), (14, 15), (14, 16), (14, 27), (14, 49), (15, 16), (16, 14), (16, 17), (16, 18), (17, 14), (17, 18), (17, 19), (18, 9), (18, 19), (19, 14), (19, 17), (19, 20), (20, 21), (20, 22), (21, 22), (22, 19), (22, 20), (22, 23), (22, 29), (23, 24), (23, 25), (23, 39), (24, 11), (24, 25), (25, 23), (25, 26), (25, 41), (26, 27), (26, 28), (27, 28), (28, 26), (28, 29), (29, 30), (29, 31), (29, 37), (29, 38), (29, 47), (30, 2), (30, 31), (31, 29), (31, 32), (31, 36), (32, 33), (32, 34), (33, 34), (34, 26), (34, 32), (34, 35), (35, 14), (35, 26), (35, 36), (35, 37), (36, 4), (36, 28), (36, 37), (37, 29), (37, 32), (37, 35), (37, 38), (38, 2), (38, 39), (38, 40), (39, 3), (39, 21), (39, 30), (39, 34), (39, 40), (39, 46), (40, 38), (40, 41), (41, 10), (41, 23), (41, 28), (41, 42), (41, 43), (41, 44), (42, 31), (42, 33), (42, 43), (43, 12), (43, 41), (43, 44), (43, 45), (44, 3), (44, 4), (44, 45), (44, 46), (45, 46), (46, 44), (46, 47), (47, 19), (47, 25), (47, 48), (47, 49), (48, 14), (48, 32), (48, 49), (49, 1), (49, 2), (49, 18), (49, 47)]"
240,synthetic_cc100_v50_40,100,100,100,50,148,0,1,"[(0, 2), (2, 3), (2, 4), (3, 4), (3, 16), (3, 48), (4, 2), (4, 5), (5, 6), (5, 7), (6, 7), (6, 14), (7, 5), (7, 8), (8, 9), (8, 10), (8, 18), (9, 2), (9, 10), (9, 19), (9, 31), (9, 45), (10, 4), (10, 8), (10, 11), (11, 12), (11, 13), (12, 2), (12, 13), (13, 6), (13, 11), (13, 14), (14, 15), (14, 16), (15, 16), (15, 20), (15, 27), (16, 14), (16, 17), (16, 35), (16, 48), (17, 18), (17, 19), (17, 31), (18, 19), (18, 30), (19, 4), (19, 17), (19, 20), (20, 21), (20, 22), (20, 33), (21, 9), (21, 22), (21, 24), (21, 32), (22, 20), (22, 23), (22, 24), (23, 24), (23, 25), (24, 13), (24, 25), (24, 44), (25, 14), (25, 23), (25, 26), (26, 27), (26, 28), (26, 34), (26, 45), (27, 28), (27, 34), (27, 49), (28, 14), (28, 26), (28, 29), (28, 42), (28, 44), (28, 48), (29, 14), (29, 30), (29, 31), (30, 31), (31, 29), (31, 32), (32, 4), (32, 12), (32, 20), (32, 33), (32, 34), (33, 3), (33, 15), (33, 17), (33, 22), (33, 34), (34, 30), (34, 32), (34, 35), (35, 28), (35, 36), (35, 37), (36, 37), (36, 41), (37, 35), (37, 38), (37, 46), (38, 39), (38, 40), (39, 28), (39, 40), (39, 46), (40, 19), (40, 38), (40, 41), (41, 42), (41, 43), (42, 38), (42, 43), (43, 16), (43, 38), (43, 41), (43, 44), (44, 2), (44, 7), (44, 13), (44, 45), (44, 46), (45, 1), (45, 5), (45, 11), (45, 17), (45, 39), (45, 46), (46, 44), (46, 47), (47, 48), (48, 5), (48, 15), (48, 21), (48, 25), (48, 36), (48, 37), (48, 49), (49, 1), (49, 33), (49, 34), (49, 47)]"
241,synthetic_cc100_v50_41,100,100,100,50,148,0,1,"[(0, 2), (2, 3), (2, 4), (2, 23), (3, 4), (3, 8), (3, 17), (4, 1), (4, 2), (4, 5), (4, 7), (4, 35), (5, 6), (5, 7), (5, 29), (5, 43), (5, 44), (6, 7), (6, 23), (6, 28), (6, 44), (6, 45), (7, 5), (7, 8), (7, 41), (8, 3), (8, 9), (8, 10), (9, 10), (9, 29), (9, 48), (10, 3), (10, 8), (10, 11), (10, 12), (10, 38), (11, 12), (11, 13), (12, 13), (13, 8), (13, 11), (13, 14), (14, 15), (14, 16), (14, 29), (15, 16), (15, 39), (15, 44), (16, 7), (16, 14), (16, 17), (17, 10), (17, 18), (17, 19), (18, 19), (19, 17), (19, 20), (19, 38), (19, 40), (20, 21), (20, 22), (21, 19), (21, 22), (22, 4), (22, 20), (22, 23), (22, 39), (23, 20), (23, 24), (23, 25), (24, 22), (24, 25), (24, 33), (25, 23), (25, 26), (26, 27), (26, 28), (27, 28), (28, 26), (28, 29), (28, 36), (29, 21), (29, 30), (29, 31), (29, 49), (30, 31), (31, 21), (31, 29), (31, 32), (32, 15), (32, 33), (32, 34), (32, 44), (33, 22), (33, 34), (34, 13), (34, 32), (34, 35), (35, 8), (35, 36), (35, 37), (36, 8), (36, 37), (37, 3), (37, 34), (37, 35), (37, 38), (38, 14), (38, 31), (38, 39), (38, 40), (39, 13), (39, 33), (39, 40), (40, 22), (40, 35), (40, 36), (40, 38), (40, 41), (41, 22), (41, 30), (41, 34), (41, 39), (41, 42), (41, 43), (42, 6), (42, 22), (42, 27), (42, 43), (43, 19), (43, 33), (43, 41), (43, 44), (44, 45), (44, 46), (45, 46), (46, 40), (46, 44), (46, 47), (47, 17), (47, 18), (47, 30), (47, 48), (47, 49), (48, 49), (49, 1), (49, 9), (49, 47)]"
242,synthetic_cc100_v50_42,100,100,100,50,148,0,1,"[(0, 2), (2, 3), (2, 4), (2, 17), (2, 25), (2, 30), (3, 4), (4, 2), (4, 5), (5, 6), (5, 7), (6, 7), (6, 48), (7, 5), (7, 8), (7, 22), (8, 9), (8, 10), (8, 17), (8, 25), (9, 10), (9, 43), (10, 8), (10, 11), (10, 18), (11, 12), (11, 13), (11, 32), (12, 2), (12, 5), (12, 13), (12, 16), (13, 11), (13, 14), (13, 28), (14, 15), (14, 16), (14, 35), (14, 42), (15, 16), (15, 33), (16, 14), (16, 17), (16, 32), (17, 18), (17, 19), (18, 15), (18, 19), (18, 28), (19, 15), (19, 17), (19, 20), (19, 36), (20, 21), (20, 22), (20, 33), (21, 22), (21, 41), (22, 10), (22, 20), (22, 23), (23, 18), (23, 19), (23, 24), (23, 25), (24, 2), (24, 21), (24, 22), (24, 25), (25, 23), (25, 26), (26, 19), (26, 27), (26, 28), (27, 22), (27, 28), (27, 40), (27, 45), (28, 4), (28, 26), (28, 29), (29, 30), (29, 31), (29, 40), (30, 7), (30, 31), (30, 43), (31, 5), (31, 29), (31, 32), (31, 39), (31, 43), (31, 44), (32, 33), (32, 34), (33, 2), (33, 34), (33, 47), (34, 5), (34, 12), (34, 30), (34, 32), (34, 35), (34, 49), (35, 36), (35, 37), (36, 11), (36, 16), (36, 37), (37, 35), (37, 38), (38, 12), (38, 25), (38, 39), (38, 40), (38, 46), (39, 40), (39, 48), (40, 13), (40, 28), (40, 38), (40, 41), (40, 46), (41, 42), (41, 43), (42, 43), (43, 41), (43, 44), (44, 12), (44, 37), (44, 45), (44, 46), (45, 9), (45, 37), (45, 46), (46, 27), (46, 35), (46, 42), (46, 44), (46, 47), (46, 48), (47, 39), (47, 48), (47, 49), (48, 49), (49, 1), (49, 43), (49, 47)]"
243,synthetic_cc100_v50_43,100,100,100,50,148,0,1,"[(0, 2), (2, 3), (2, 4), (2, 7), (2, 14), (2, 22), (3, 4), (3, 16), (3, 22), (3, 23), (4, 2), (4, 5), (5, 6), (5, 7), (5, 16), (5, 21), (6, 7), (6, 48), (7, 5), (7, 6), (7, 8), (7, 29), (7, 45), (8, 5), (8, 9), (8, 10), (8, 16), (8, 21), (8, 39), (9, 2), (9, 10), (10, 8), (10, 11), (10, 30), (11, 12), (11, 13), (11, 48), (12, 13), (12, 41), (12, 45), (12, 49), (13, 11), (13, 14), (13, 21), (13, 47), (14, 15), (14, 16), (14, 27), (14, 35), (14, 40), (15, 2), (15, 4), (15, 16), (15, 34), (16, 6), (16, 14), (16, 17), (16, 42), (17, 10), (17, 18), (17, 19), (17, 24), (18, 12), (18, 19), (19, 16), (19, 17), (19, 20), (19, 32), (20, 21), (20, 22), (20, 48), (21, 6), (21, 22), (22, 4), (22, 20), (22, 23), (23, 24), (23, 25), (24, 25), (24, 36), (25, 18), (25, 23), (25, 26), (26, 27), (26, 28), (26, 33), (26, 45), (27, 1), (27, 5), (27, 14), (27, 16), (27, 28), (27, 48), (28, 26), (28, 29), (28, 47), (29, 12), (29, 24), (29, 30), (29, 31), (30, 4), (30, 31), (31, 29), (31, 32), (32, 12), (32, 33), (32, 34), (33, 8), (33, 34), (33, 46), (34, 32), (34, 35), (35, 36), (35, 37), (36, 37), (37, 5), (37, 19), (37, 35), (37, 38), (37, 41), (37, 45), (38, 39), (38, 40), (39, 7), (39, 34), (39, 40), (40, 34), (40, 38), (40, 41), (41, 42), (41, 43), (41, 45), (42, 43), (43, 41), (43, 44), (44, 45), (44, 46), (45, 27), (45, 46), (46, 44), (46, 47), (47, 48), (47, 49), (48, 15), (48, 49), (49, 1), (49, 22), (49, 47)]"
244,synthetic_cc100_v50_44,100,100,100,50,148,0,1,"[(0, 2), (2, 3), (2, 4), (2, 13), (2, 35), (3, 4), (3, 47), (4, 2), (4, 5), (5, 6), (5, 7), (6, 2), (6, 7), (7, 5), (7, 8), (8, 1), (8, 9), (8, 10), (9, 10), (10, 8), (10, 11), (11, 12), (11, 13), (12, 3), (12, 13), (12, 46), (13, 11), (13, 14), (13, 15), (13, 29), (13, 41), (14, 11), (14, 15), (14, 16), (14, 20), (15, 16), (16, 14), (16, 17), (16, 32), (17, 18), (17, 19), (17, 24), (18, 16), (18, 19), (19, 17), (19, 20), (19, 31), (19, 35), (20, 21), (20, 22), (20, 42), (21, 9), (21, 19), (21, 22), (21, 42), (22, 20), (22, 23), (23, 24), (23, 25), (23, 40), (24, 10), (24, 12), (24, 25), (24, 33), (25, 11), (25, 21), (25, 23), (25, 26), (25, 30), (26, 21), (26, 27), (26, 28), (27, 28), (28, 1), (28, 11), (28, 26), (28, 29), (28, 47), (29, 19), (29, 30), (29, 31), (30, 7), (30, 31), (30, 32), (31, 4), (31, 11), (31, 28), (31, 29), (31, 32), (32, 21), (32, 27), (32, 33), (32, 34), (33, 14), (33, 34), (33, 47), (33, 48), (34, 9), (34, 20), (34, 32), (34, 35), (34, 48), (35, 28), (35, 31), (35, 36), (35, 37), (36, 12), (36, 37), (37, 23), (37, 35), (37, 38), (38, 9), (38, 26), (38, 39), (38, 40), (39, 40), (40, 19), (40, 38), (40, 41), (41, 42), (41, 43), (42, 12), (42, 17), (42, 26), (42, 43), (43, 3), (43, 41), (43, 44), (44, 9), (44, 26), (44, 30), (44, 45), (44, 46), (45, 46), (46, 22), (46, 29), (46, 44), (46, 47), (47, 36), (47, 48), (47, 49), (48, 28), (48, 30), (48, 49), (49, 1), (49, 2), (49, 11), (49, 47)]"
245,synthetic_cc100_v50_45,100,100,100,50,148,0,1,"[(0, 2), (2, 3), (2, 4), (3, 4), (3, 5), (3, 21), (4, 2), (4, 5), (4, 23), (5, 6), (5, 7), (6, 4), (6, 7), (6, 37), (6, 49), (7, 5), (7, 8), (8, 9), (8, 10), (8, 12), (9, 10), (9, 16), (9, 39), (9, 45), (10, 8), (10, 11), (11, 12), (11, 13), (11, 34), (12, 4), (12, 13), (12, 20), (12, 28), (13, 11), (13, 14), (13, 27), (13, 32), (14, 15), (14, 16), (14, 42), (15, 9), (15, 16), (15, 24), (15, 49), (16, 10), (16, 14), (16, 17), (16, 40), (17, 18), (17, 19), (18, 1), (18, 19), (18, 40), (19, 17), (19, 20), (20, 7), (20, 9), (20, 21), (20, 22), (20, 23), (21, 18), (21, 22), (21, 27), (21, 41), (22, 4), (22, 19), (22, 20), (22, 23), (22, 26), (23, 2), (23, 10), (23, 24), (23, 25), (24, 25), (25, 23), (25, 26), (26, 11), (26, 27), (26, 28), (27, 28), (28, 10), (28, 17), (28, 26), (28, 29), (29, 30), (29, 31), (30, 11), (30, 31), (31, 29), (31, 32), (31, 44), (32, 13), (32, 26), (32, 33), (32, 34), (32, 42), (33, 3), (33, 34), (34, 32), (34, 35), (35, 5), (35, 36), (35, 37), (35, 48), (36, 4), (36, 37), (37, 4), (37, 5), (37, 23), (37, 35), (37, 38), (38, 39), (38, 40), (39, 40), (40, 38), (40, 41), (41, 2), (41, 11), (41, 24), (41, 42), (41, 43), (42, 8), (42, 43), (43, 13), (43, 33), (43, 41), (43, 42), (43, 44), (44, 11), (44, 20), (44, 45), (44, 46), (45, 4), (45, 25), (45, 46), (46, 43), (46, 44), (46, 47), (47, 10), (47, 37), (47, 48), (47, 49), (48, 49), (49, 1), (49, 4), (49, 6), (49, 31), (49, 47)]"
246,synthetic_cc100_v50_46,100,100,100,50,148,0,1,"[(0, 2), (2, 3), (2, 4), (3, 4), (3, 10), (3, 30), (4, 2), (4, 5), (4, 10), (5, 6), (5, 7), (6, 7), (7, 2), (7, 5), (7, 8), (8, 3), (8, 9), (8, 10), (8, 12), (9, 4), (9, 10), (9, 21), (9, 24), (9, 38), (10, 8), (10, 11), (10, 38), (11, 12), (11, 13), (12, 13), (12, 24), (12, 41), (13, 11), (13, 14), (13, 19), (13, 27), (13, 33), (14, 13), (14, 15), (14, 16), (14, 32), (14, 33), (14, 41), (15, 3), (15, 13), (15, 16), (15, 23), (15, 30), (16, 14), (16, 17), (16, 33), (17, 4), (17, 18), (17, 19), (17, 38), (18, 19), (19, 17), (19, 20), (19, 45), (20, 3), (20, 21), (20, 22), (20, 39), (21, 7), (21, 22), (21, 34), (21, 35), (22, 18), (22, 20), (22, 23), (23, 24), (23, 25), (24, 25), (25, 9), (25, 23), (25, 26), (26, 27), (26, 28), (26, 35), (27, 28), (28, 8), (28, 16), (28, 26), (28, 29), (28, 39), (29, 30), (29, 31), (29, 47), (30, 31), (31, 29), (31, 32), (32, 33), (32, 34), (33, 17), (33, 19), (33, 34), (34, 21), (34, 32), (34, 33), (34, 35), (35, 13), (35, 36), (35, 37), (35, 39), (35, 45), (36, 9), (36, 37), (37, 18), (37, 20), (37, 35), (37, 38), (38, 30), (38, 39), (38, 40), (39, 34), (39, 40), (40, 38), (40, 41), (41, 15), (41, 42), (41, 43), (42, 43), (43, 20), (43, 41), (43, 44), (43, 45), (44, 22), (44, 45), (44, 46), (45, 4), (45, 8), (45, 30), (45, 46), (46, 6), (46, 23), (46, 44), (46, 47), (47, 34), (47, 42), (47, 48), (47, 49), (48, 17), (48, 24), (48, 49), (49, 1), (49, 7), (49, 38), (49, 47)]"
247,synthetic_cc100_v50_47,100,100,100,50,148,0,1,"[(0, 2), (2, 3), (2, 4), (2, 29), (3, 4), (3, 30), (3, 49), (4, 2), (4, 5), (5, 6), (5, 7), (5, 49), (6, 7), (7, 5), (7, 8), (7, 16), (8, 6), (8, 9), (8, 10), (8, 39), (8, 43), (9, 10), (9, 40), (10, 8), (10, 11), (10, 20), (10, 24), (11, 12), (11, 13), (11, 15), (11, 38), (12, 13), (12, 25), (13, 11), (13, 14), (14, 15), (14, 16), (14, 37), (15, 1), (15, 16), (15, 46), (16, 14), (16, 17), (17, 18), (17, 19), (18, 19), (18, 26), (18, 40), (18, 49), (19, 17), (19, 20), (19, 34), (19, 37), (20, 21), (20, 22), (20, 47), (21, 7), (21, 22), (21, 26), (22, 20), (22, 23), (23, 24), (23, 25), (23, 37), (24, 25), (25, 15), (25, 23), (25, 26), (25, 29), (26, 6), (26, 27), (26, 28), (27, 19), (27, 28), (28, 4), (28, 26), (28, 29), (29, 4), (29, 13), (29, 16), (29, 30), (29, 31), (29, 38), (29, 43), (29, 45), (30, 4), (30, 31), (31, 7), (31, 29), (31, 32), (31, 33), (32, 29), (32, 33), (32, 34), (32, 42), (33, 8), (33, 10), (33, 20), (33, 34), (34, 14), (34, 19), (34, 32), (34, 35), (35, 18), (35, 34), (35, 36), (35, 37), (36, 19), (36, 37), (37, 35), (37, 38), (38, 39), (38, 40), (39, 40), (40, 38), (40, 41), (41, 42), (41, 43), (41, 45), (41, 46), (42, 1), (42, 18), (42, 43), (43, 41), (43, 42), (43, 44), (44, 10), (44, 13), (44, 21), (44, 45), (44, 46), (45, 18), (45, 35), (45, 36), (45, 46), (46, 28), (46, 44), (46, 47), (47, 48), (47, 49), (48, 2), (48, 25), (48, 36), (48, 49), (49, 1), (49, 22), (49, 37), (49, 47)]"
248,synthetic_cc100_v50_48,100,100,100,50,148,0,1,"[(0, 2), (2, 3), (2, 4), (3, 4), (3, 21), (4, 2), (4, 5), (4, 27), (5, 6), (5, 7), (6, 7), (7, 5), (7, 8), (7, 14), (8, 1), (8, 9), (8, 10), (8, 24), (8, 28), (8, 33), (9, 10), (9, 29), (9, 47), (10, 2), (10, 8), (10, 11), (11, 7), (11, 12), (11, 13), (11, 20), (11, 22), (11, 32), (11, 36), (12, 13), (12, 47), (13, 11), (13, 14), (13, 15), (14, 15), (14, 16), (14, 19), (14, 26), (14, 42), (15, 16), (16, 6), (16, 14), (16, 17), (16, 35), (17, 18), (17, 19), (18, 19), (18, 49), (19, 17), (19, 20), (20, 21), (20, 22), (20, 35), (21, 8), (21, 15), (21, 22), (22, 20), (22, 23), (22, 36), (23, 24), (23, 25), (23, 27), (24, 25), (25, 23), (25, 26), (26, 27), (26, 28), (26, 38), (27, 28), (27, 32), (27, 34), (27, 35), (27, 40), (28, 26), (28, 27), (28, 29), (29, 30), (29, 31), (30, 15), (30, 18), (30, 31), (30, 33), (30, 39), (31, 29), (31, 32), (31, 42), (31, 47), (32, 12), (32, 33), (32, 34), (32, 40), (33, 9), (33, 34), (34, 32), (34, 35), (35, 36), (35, 37), (36, 37), (36, 44), (37, 10), (37, 35), (37, 38), (38, 39), (38, 40), (39, 13), (39, 21), (39, 25), (39, 40), (40, 8), (40, 27), (40, 38), (40, 41), (40, 42), (41, 10), (41, 31), (41, 42), (41, 43), (41, 44), (42, 12), (42, 18), (42, 33), (42, 37), (42, 41), (42, 43), (43, 34), (43, 41), (43, 44), (44, 45), (44, 46), (45, 12), (45, 33), (45, 46), (46, 44), (46, 45), (46, 47), (47, 48), (47, 49), (48, 49), (49, 1), (49, 3), (49, 5), (49, 21), (49, 36), (49, 47)]"
249,synthetic_cc100_v50_49,100,100,100,50,148,0,1,"[(0, 2), (2, 3), (2, 4), (3, 4), (3, 21), (3, 37), (4, 1), (4, 2), (4, 5), (4, 13), (4, 40), (4, 49), (5, 6), (5, 7), (5, 31), (6, 7), (7, 5), (7, 8), (7, 17), (8, 9), (8, 10), (9, 10), (9, 25), (10, 8), (10, 11), (10, 29), (10, 35), (11, 12), (11, 13), (11, 38), (12, 8), (12, 13), (12, 27), (12, 29), (13, 11), (13, 14), (13, 26), (14, 11), (14, 15), (14, 16), (15, 13), (15, 14), (15, 16), (16, 14), (16, 17), (16, 37), (16, 42), (16, 44), (17, 18), (17, 19), (17, 25), (17, 42), (17, 44), (17, 46), (18, 19), (19, 17), (19, 20), (19, 47), (20, 2), (20, 21), (20, 22), (20, 45), (21, 22), (21, 34), (21, 44), (22, 20), (22, 23), (22, 46), (23, 24), (23, 25), (24, 25), (25, 12), (25, 23), (25, 26), (25, 29), (26, 27), (26, 28), (27, 4), (27, 28), (28, 25), (28, 26), (28, 29), (29, 30), (29, 31), (30, 28), (30, 31), (31, 14), (31, 29), (31, 32), (32, 7), (32, 19), (32, 30), (32, 33), (32, 34), (33, 34), (34, 8), (34, 11), (34, 32), (34, 35), (35, 36), (35, 37), (36, 11), (36, 23), (36, 37), (37, 24), (37, 35), (37, 38), (38, 5), (38, 22), (38, 27), (38, 39), (38, 40), (39, 25), (39, 40), (40, 2), (40, 33), (40, 38), (40, 41), (40, 43), (41, 42), (41, 43), (42, 8), (42, 23), (42, 43), (43, 16), (43, 19), (43, 41), (43, 44), (43, 46), (44, 24), (44, 45), (44, 46), (45, 10), (45, 46), (46, 10), (46, 44), (46, 47), (47, 20), (47, 48), (47, 49), (48, 16), (48, 28), (48, 43), (48, 49), (49, 1), (49, 14), (49, 39), (49, 47)]"
250,synthetic_cc100_v50_50,100,100,100,50,148,0,1,"[(0, 2), (2, 3), (2, 4), (2, 24), (2, 47), (3, 4), (3, 14), (4, 2), (4, 5), (5, 6), (5, 7), (5, 41), (6, 7), (7, 5), (7, 8), (7, 22), (8, 9), (8, 10), (9, 10), (9, 13), (9, 26), (9, 33), (10, 8), (10, 11), (11, 12), (11, 13), (11, 31), (12, 13), (12, 49), (13, 5), (13, 11), (13, 14), (13, 26), (14, 7), (14, 15), (14, 16), (14, 23), (15, 11), (15, 16), (15, 34), (15, 49), (16, 14), (16, 17), (16, 40), (17, 18), (17, 19), (17, 41), (18, 8), (18, 19), (18, 37), (19, 17), (19, 20), (20, 21), (20, 22), (20, 43), (21, 22), (21, 32), (22, 10), (22, 20), (22, 23), (22, 26), (22, 31), (23, 17), (23, 24), (23, 25), (24, 9), (24, 10), (24, 25), (25, 23), (25, 26), (26, 2), (26, 27), (26, 28), (27, 28), (28, 26), (28, 29), (29, 30), (29, 31), (29, 34), (29, 37), (29, 41), (30, 21), (30, 31), (30, 35), (31, 27), (31, 29), (31, 32), (32, 33), (32, 34), (33, 31), (33, 34), (34, 32), (34, 35), (35, 28), (35, 34), (35, 36), (35, 37), (36, 6), (36, 11), (36, 12), (36, 37), (37, 5), (37, 24), (37, 32), (37, 35), (37, 38), (38, 11), (38, 31), (38, 39), (38, 40), (39, 40), (40, 38), (40, 41), (41, 11), (41, 21), (41, 24), (41, 28), (41, 39), (41, 42), (41, 43), (42, 24), (42, 41), (42, 43), (43, 2), (43, 13), (43, 23), (43, 41), (43, 44), (44, 5), (44, 22), (44, 29), (44, 35), (44, 45), (44, 46), (45, 46), (46, 32), (46, 44), (46, 47), (47, 24), (47, 48), (47, 49), (48, 14), (48, 39), (48, 49), (49, 1), (49, 6), (49, 46), (49, 47)]"
251,synthetic_cc100_v50_51,100,100,100,50,148,0,1,"[(0, 2), (2, 1), (2, 3), (2, 4), (3, 4), (4, 2), (4, 5), (4, 20), (4, 27), (4, 46), (5, 6), (5, 7), (5, 31), (5, 47), (6, 7), (6, 29), (7, 5), (7, 8), (7, 17), (7, 43), (8, 9), (8, 10), (8, 31), (9, 10), (9, 39), (10, 1), (10, 8), (10, 11), (11, 12), (11, 13), (12, 13), (12, 15), (13, 1), (13, 11), (13, 14), (14, 15), (14, 16), (14, 22), (15, 16), (16, 14), (16, 17), (17, 18), (17, 19), (18, 19), (18, 25), (18, 49), (19, 17), (19, 20), (19, 23), (19, 34), (19, 42), (20, 21), (20, 22), (20, 39), (21, 22), (21, 25), (21, 26), (21, 45), (22, 20), (22, 23), (22, 39), (23, 19), (23, 24), (23, 25), (24, 25), (25, 23), (25, 26), (26, 27), (26, 28), (27, 9), (27, 25), (27, 28), (27, 34), (28, 26), (28, 29), (28, 30), (29, 8), (29, 30), (29, 31), (30, 25), (30, 31), (30, 36), (30, 37), (30, 47), (31, 9), (31, 29), (31, 32), (32, 33), (32, 34), (32, 42), (32, 47), (33, 4), (33, 23), (33, 29), (33, 34), (33, 37), (33, 40), (34, 32), (34, 35), (34, 36), (34, 39), (35, 4), (35, 8), (35, 20), (35, 21), (35, 36), (35, 37), (36, 13), (36, 37), (37, 2), (37, 35), (37, 38), (38, 11), (38, 39), (38, 40), (39, 40), (40, 6), (40, 12), (40, 25), (40, 38), (40, 41), (41, 13), (41, 42), (41, 43), (42, 6), (42, 43), (43, 29), (43, 37), (43, 38), (43, 41), (43, 44), (44, 45), (44, 46), (45, 20), (45, 46), (46, 19), (46, 20), (46, 41), (46, 44), (46, 47), (47, 32), (47, 48), (47, 49), (48, 41), (48, 49), (49, 1), (49, 33), (49, 47)]"
252,synthetic_cc100_v50_52,100,100,100,50,148,0,1,"[(0, 2), (2, 3), (2, 4), (3, 4), (3, 12), (4, 2), (4, 5), (5, 6), (5, 7), (6, 7), (6, 14), (7, 5), (7, 8), (7, 15), (8, 9), (8, 10), (8, 24), (9, 10), (10, 1), (10, 8), (10, 11), (11, 3), (11, 12), (11, 13), (11, 23), (11, 28), (11, 30), (11, 31), (11, 38), (11, 49), (12, 6), (12, 13), (12, 25), (13, 11), (13, 14), (13, 44), (14, 15), (14, 16), (14, 20), (14, 26), (14, 31), (15, 4), (15, 16), (15, 47), (16, 6), (16, 14), (16, 17), (16, 48), (17, 18), (17, 19), (18, 19), (19, 12), (19, 17), (19, 20), (20, 14), (20, 21), (20, 22), (21, 8), (21, 22), (22, 4), (22, 20), (22, 23), (22, 49), (23, 18), (23, 24), (23, 25), (24, 6), (24, 25), (24, 48), (25, 23), (25, 26), (26, 19), (26, 27), (26, 28), (26, 35), (27, 3), (27, 18), (27, 19), (27, 28), (28, 21), (28, 26), (28, 29), (29, 30), (29, 31), (30, 31), (31, 9), (31, 21), (31, 29), (31, 32), (32, 22), (32, 28), (32, 31), (32, 33), (32, 34), (32, 47), (33, 34), (34, 32), (34, 35), (35, 20), (35, 36), (35, 37), (36, 37), (37, 24), (37, 35), (37, 36), (37, 38), (37, 40), (38, 8), (38, 39), (38, 40), (39, 40), (40, 6), (40, 18), (40, 25), (40, 38), (40, 41), (40, 49), (41, 38), (41, 39), (41, 42), (41, 43), (42, 15), (42, 43), (43, 7), (43, 39), (43, 41), (43, 44), (44, 42), (44, 45), (44, 46), (45, 6), (45, 29), (45, 46), (45, 49), (46, 2), (46, 44), (46, 47), (47, 48), (47, 49), (48, 18), (48, 39), (48, 42), (48, 49), (49, 1), (49, 2), (49, 10), (49, 27), (49, 47)]"
253,synthetic_cc100_v50_53,100,100,100,50,148,0,1,"[(0, 2), (2, 3), (2, 4), (3, 4), (4, 2), (4, 5), (4, 32), (5, 6), (5, 7), (5, 13), (5, 16), (6, 7), (6, 25), (6, 40), (7, 5), (7, 8), (7, 36), (8, 7), (8, 9), (8, 10), (8, 44), (9, 10), (9, 32), (9, 38), (10, 8), (10, 11), (10, 16), (10, 24), (11, 12), (11, 13), (11, 29), (11, 30), (12, 13), (12, 17), (13, 10), (13, 11), (13, 14), (13, 33), (13, 40), (14, 15), (14, 16), (14, 36), (15, 16), (15, 30), (16, 14), (16, 17), (16, 40), (17, 3), (17, 13), (17, 18), (17, 19), (17, 27), (18, 6), (18, 19), (19, 17), (19, 20), (20, 1), (20, 21), (20, 22), (21, 22), (22, 20), (22, 23), (22, 41), (23, 24), (23, 25), (24, 25), (24, 30), (24, 46), (25, 17), (25, 23), (25, 26), (25, 35), (26, 13), (26, 27), (26, 28), (27, 9), (27, 28), (28, 3), (28, 20), (28, 26), (28, 29), (28, 35), (29, 30), (29, 31), (29, 37), (30, 31), (30, 37), (31, 29), (31, 32), (32, 3), (32, 23), (32, 28), (32, 33), (32, 34), (33, 17), (33, 34), (34, 32), (34, 35), (34, 43), (35, 6), (35, 36), (35, 37), (36, 32), (36, 37), (37, 35), (37, 38), (38, 21), (38, 39), (38, 40), (39, 21), (39, 26), (39, 40), (39, 49), (40, 5), (40, 38), (40, 41), (41, 26), (41, 42), (41, 43), (42, 34), (42, 35), (42, 43), (43, 34), (43, 41), (43, 44), (44, 26), (44, 38), (44, 45), (44, 46), (45, 6), (45, 46), (46, 4), (46, 7), (46, 11), (46, 33), (46, 34), (46, 44), (46, 47), (47, 48), (47, 49), (48, 16), (48, 22), (48, 41), (48, 49), (49, 1), (49, 19), (49, 33), (49, 47)]"
254,synthetic_cc100_v50_54,100,100,100,50,148,0,1,"[(0, 2), (2, 3), (2, 4), (2, 14), (2, 39), (2, 47), (3, 4), (3, 17), (4, 2), (4, 5), (4, 33), (4, 34), (5, 6), (5, 7), (6, 7), (6, 37), (7, 5), (7, 8), (7, 9), (7, 19), (7, 22), (7, 41), (7, 43), (8, 9), (8, 10), (8, 48), (9, 7), (9, 10), (10, 8), (10, 11), (10, 37), (10, 44), (11, 7), (11, 12), (11, 13), (11, 27), (12, 1), (12, 9), (12, 13), (12, 22), (13, 11), (13, 14), (13, 29), (13, 42), (13, 49), (14, 15), (14, 16), (14, 46), (15, 7), (15, 13), (15, 16), (16, 14), (16, 17), (17, 18), (17, 19), (18, 19), (19, 2), (19, 17), (19, 20), (19, 25), (20, 5), (20, 21), (20, 22), (21, 9), (21, 22), (21, 30), (21, 33), (22, 20), (22, 23), (22, 39), (23, 24), (24, 25), (25, 8), (25, 23), (25, 26), (25, 37), (26, 27), (26, 28), (26, 45), (27, 25), (27, 28), (28, 17), (28, 26), (28, 29), (29, 30), (29, 31), (30, 1), (30, 14), (30, 15), (30, 21), (30, 31), (30, 41), (31, 29), (31, 32), (32, 13), (32, 14), (32, 33), (32, 34), (33, 34), (34, 22), (34, 27), (34, 32), (34, 35), (35, 36), (35, 37), (36, 37), (37, 35), (37, 38), (38, 13), (38, 39), (38, 40), (39, 40), (40, 26), (40, 27), (40, 31), (40, 38), (40, 41), (41, 36), (41, 42), (41, 43), (42, 23), (42, 27), (42, 43), (42, 45), (42, 49), (43, 15), (43, 18), (43, 41), (43, 44), (44, 32), (44, 45), (44, 46), (45, 46), (46, 11), (46, 32), (46, 36), (46, 44), (46, 47), (47, 11), (47, 12), (47, 48), (47, 49), (48, 8), (48, 21), (48, 49), (49, 1), (49, 27), (49, 47)]"
255,synthetic_cc100_v50_55,100,100,100,50,148,0,1,"[(0, 2), (2, 3), (2, 4), (2, 8), (2, 17), (3, 4), (4, 2), (4, 5), (5, 6), (5, 7), (6, 7), (6, 12), (6, 43), (6, 49), (7, 5), (7, 8), (8, 9), (8, 10), (8, 46), (9, 10), (9, 29), (10, 8), (10, 11), (10, 20), (11, 4), (11, 12), (11, 13), (11, 40), (12, 13), (12, 43), (13, 6), (13, 11), (13, 14), (14, 8), (14, 15), (14, 16), (14, 31), (15, 1), (15, 16), (16, 14), (16, 17), (17, 2), (17, 9), (17, 18), (17, 19), (17, 22), (17, 33), (18, 8), (18, 19), (18, 46), (18, 47), (19, 16), (19, 17), (19, 20), (20, 21), (20, 22), (20, 44), (21, 22), (22, 6), (22, 17), (22, 20), (22, 23), (23, 24), (23, 25), (23, 36), (24, 6), (24, 16), (24, 25), (25, 23), (25, 26), (25, 32), (26, 27), (26, 28), (27, 1), (27, 28), (27, 42), (28, 4), (28, 23), (28, 26), (28, 29), (28, 47), (29, 30), (29, 31), (29, 37), (29, 45), (30, 31), (31, 4), (31, 6), (31, 29), (31, 32), (31, 33), (31, 46), (32, 12), (32, 14), (32, 33), (32, 34), (33, 34), (33, 49), (34, 32), (34, 35), (35, 23), (35, 36), (35, 37), (36, 37), (37, 6), (37, 29), (37, 35), (37, 38), (38, 2), (38, 25), (38, 39), (38, 40), (38, 44), (39, 10), (39, 40), (40, 38), (40, 41), (41, 22), (41, 42), (41, 43), (42, 16), (42, 29), (42, 40), (42, 43), (43, 41), (43, 44), (43, 46), (44, 21), (44, 32), (44, 45), (44, 46), (45, 7), (45, 24), (45, 26), (45, 37), (45, 46), (46, 5), (46, 44), (46, 47), (47, 48), (47, 49), (48, 2), (48, 49), (49, 1), (49, 13), (49, 22), (49, 39), (49, 47)]"
256,synthetic_cc100_v50_56,100,100,100,50,148,0,1,"[(0, 2), (2, 3), (2, 4), (3, 4), (3, 11), (3, 20), (4, 2), (4, 5), (4, 25), (4, 45), (5, 6), (5, 7), (5, 14), (5, 26), (6, 7), (6, 15), (7, 5), (7, 8), (8, 9), (8, 10), (8, 20), (8, 35), (9, 10), (10, 1), (10, 8), (10, 11), (11, 12), (11, 13), (12, 13), (12, 33), (13, 11), (13, 14), (13, 19), (13, 20), (13, 39), (14, 15), (14, 16), (15, 16), (15, 24), (15, 49), (16, 14), (16, 17), (17, 14), (17, 18), (17, 19), (17, 43), (17, 45), (18, 14), (18, 19), (18, 39), (18, 47), (19, 4), (19, 17), (19, 20), (19, 42), (20, 6), (20, 21), (20, 22), (20, 31), (20, 36), (21, 2), (21, 22), (21, 27), (22, 18), (22, 20), (22, 23), (22, 27), (23, 24), (23, 25), (24, 25), (25, 1), (25, 8), (25, 23), (25, 26), (25, 29), (25, 41), (25, 42), (25, 44), (25, 46), (26, 20), (26, 27), (26, 28), (27, 2), (27, 19), (27, 28), (28, 26), (28, 29), (29, 30), (29, 31), (29, 36), (30, 3), (30, 27), (30, 31), (30, 47), (31, 12), (31, 25), (31, 29), (31, 32), (32, 18), (32, 33), (32, 34), (33, 34), (34, 3), (34, 6), (34, 7), (34, 19), (34, 32), (34, 35), (35, 17), (35, 21), (35, 36), (35, 37), (36, 14), (36, 16), (36, 33), (36, 37), (37, 35), (37, 38), (38, 12), (38, 39), (38, 40), (39, 40), (40, 2), (40, 5), (40, 29), (40, 38), (40, 41), (41, 42), (41, 43), (42, 43), (43, 1), (43, 7), (43, 13), (43, 41), (43, 44), (44, 45), (44, 46), (45, 46), (45, 47), (46, 44), (46, 47), (47, 48), (47, 49), (48, 49), (49, 1), (49, 12), (49, 29), (49, 47)]"
257,synthetic_cc100_v50_57,100,100,100,50,148,0,1,"[(0, 2), (2, 3), (2, 4), (2, 5), (3, 4), (3, 39), (4, 2), (4, 5), (4, 42), (4, 45), (5, 4), (5, 6), (5, 7), (5, 39), (6, 5), (6, 7), (6, 21), (6, 28), (6, 38), (7, 5), (7, 8), (7, 15), (7, 49), (8, 9), (8, 10), (8, 21), (8, 41), (8, 46), (9, 10), (9, 39), (9, 48), (10, 11), (10, 40), (11, 12), (11, 13), (12, 13), (13, 11), (13, 12), (13, 14), (13, 19), (14, 15), (14, 16), (15, 16), (15, 37), (15, 42), (16, 14), (16, 17), (16, 24), (16, 48), (17, 18), (17, 19), (18, 3), (18, 19), (18, 23), (19, 5), (19, 11), (19, 17), (19, 20), (20, 6), (20, 21), (20, 22), (21, 15), (21, 22), (22, 20), (22, 23), (22, 28), (22, 30), (22, 32), (23, 5), (23, 24), (23, 25), (23, 32), (23, 44), (24, 25), (24, 40), (25, 22), (25, 23), (25, 26), (26, 27), (26, 28), (27, 11), (27, 28), (28, 26), (28, 29), (28, 34), (29, 14), (29, 30), (29, 31), (30, 31), (30, 33), (30, 49), (31, 29), (31, 32), (31, 33), (31, 34), (31, 40), (31, 47), (32, 33), (32, 34), (32, 47), (33, 34), (33, 41), (34, 32), (34, 35), (34, 36), (35, 7), (35, 36), (35, 37), (35, 43), (36, 37), (37, 34), (37, 35), (37, 38), (38, 39), (38, 40), (39, 40), (40, 26), (40, 38), (40, 41), (41, 11), (41, 27), (41, 42), (41, 43), (42, 36), (42, 43), (43, 15), (43, 41), (43, 44), (43, 48), (44, 11), (44, 17), (44, 25), (44, 36), (44, 41), (44, 45), (44, 46), (45, 43), (45, 46), (46, 44), (46, 47), (47, 5), (47, 26), (47, 48), (47, 49), (48, 46), (48, 49), (49, 1), (49, 47)]"
258,synthetic_cc100_v50_58,100,100,100,50,148,0,1,"[(0, 2), (2, 3), (2, 4), (2, 22), (2, 40), (3, 4), (4, 2), (4, 5), (4, 31), (5, 6), (5, 7), (5, 16), (5, 41), (6, 7), (6, 18), (6, 29), (6, 47), (7, 5), (7, 8), (8, 9), (8, 10), (9, 10), (10, 8), (10, 11), (11, 12), (11, 13), (11, 30), (12, 13), (13, 11), (13, 14), (13, 49), (14, 6), (14, 15), (14, 16), (14, 33), (15, 3), (15, 16), (15, 17), (15, 21), (16, 14), (16, 17), (16, 22), (16, 43), (17, 18), (17, 19), (18, 7), (18, 19), (18, 31), (19, 9), (19, 17), (19, 20), (19, 35), (20, 18), (20, 21), (20, 22), (20, 25), (20, 28), (21, 22), (21, 35), (21, 45), (22, 9), (22, 20), (22, 23), (23, 24), (23, 25), (23, 48), (24, 6), (24, 25), (25, 13), (25, 23), (25, 26), (26, 27), (26, 28), (26, 30), (27, 7), (27, 28), (27, 44), (28, 14), (28, 17), (28, 26), (28, 29), (29, 30), (29, 31), (29, 32), (30, 31), (31, 5), (31, 29), (31, 32), (31, 34), (32, 6), (32, 33), (32, 34), (33, 34), (34, 32), (34, 35), (35, 33), (35, 36), (35, 37), (36, 2), (36, 21), (36, 26), (36, 37), (36, 46), (37, 14), (37, 35), (37, 38), (38, 11), (38, 13), (38, 39), (38, 40), (39, 6), (39, 33), (39, 40), (39, 44), (39, 48), (40, 16), (40, 38), (40, 41), (41, 5), (41, 42), (41, 43), (42, 1), (42, 28), (42, 30), (42, 43), (42, 48), (43, 35), (43, 41), (43, 44), (44, 36), (44, 45), (44, 46), (45, 25), (45, 46), (46, 12), (46, 13), (46, 36), (46, 44), (46, 47), (47, 45), (47, 48), (47, 49), (48, 31), (48, 39), (48, 49), (49, 1), (49, 4), (49, 47)]"
259,synthetic_cc100_v50_59,100,100,100,50,148,0,1,"[(0, 2), (2, 3), (2, 4), (3, 4), (4, 2), (4, 5), (4, 29), (4, 48), (5, 6), (5, 7), (5, 9), (5, 38), (5, 40), (6, 7), (6, 9), (6, 34), (7, 4), (7, 5), (7, 8), (7, 46), (8, 9), (8, 10), (9, 10), (9, 49), (10, 8), (10, 11), (10, 37), (11, 12), (11, 13), (12, 6), (12, 13), (13, 1), (13, 11), (13, 14), (13, 40), (14, 15), (14, 16), (14, 18), (15, 16), (15, 19), (15, 23), (16, 3), (16, 14), (16, 17), (16, 42), (16, 46), (17, 18), (17, 19), (17, 20), (17, 30), (18, 19), (18, 42), (19, 9), (19, 17), (19, 20), (19, 29), (19, 31), (19, 39), (20, 7), (20, 19), (20, 21), (20, 22), (20, 39), (20, 42), (21, 13), (21, 22), (22, 5), (22, 20), (22, 23), (22, 38), (23, 24), (23, 25), (23, 42), (24, 10), (24, 25), (25, 8), (25, 22), (25, 23), (25, 26), (26, 14), (26, 15), (26, 27), (26, 28), (26, 42), (27, 28), (27, 30), (28, 13), (28, 24), (28, 26), (28, 29), (29, 1), (29, 30), (29, 31), (29, 32), (30, 24), (30, 31), (31, 13), (31, 19), (31, 29), (31, 32), (31, 40), (32, 33), (32, 34), (33, 4), (33, 34), (34, 12), (34, 32), (34, 35), (34, 39), (35, 36), (35, 37), (36, 37), (37, 17), (37, 28), (37, 31), (37, 35), (37, 38), (37, 40), (38, 25), (38, 39), (38, 40), (38, 45), (39, 6), (39, 40), (40, 38), (40, 41), (40, 42), (41, 42), (41, 43), (42, 43), (43, 8), (43, 17), (43, 41), (43, 44), (44, 45), (44, 46), (45, 2), (45, 46), (46, 10), (46, 44), (46, 47), (47, 48), (47, 49), (48, 26), (48, 49), (49, 1), (49, 30), (49, 47)]"
260,synthetic_cc100_v50_60,100,100,100,50,148,0,1,"[(0, 2), (2, 3), (2, 4), (2, 14), (2, 39), (2, 48), (3, 4), (4, 2), (4, 5), (4, 19), (4, 47), (5, 6), (5, 7), (5, 26), (5, 31), (5, 33), (5, 39), (6, 7), (6, 45), (7, 5), (7, 8), (7, 20), (8, 9), (8, 10), (9, 10), (9, 33), (10, 8), (10, 11), (10, 18), (10, 26), (10, 45), (11, 12), (11, 13), (12, 13), (13, 11), (13, 14), (14, 15), (14, 16), (14, 29), (15, 4), (15, 16), (15, 24), (16, 14), (16, 17), (16, 23), (16, 29), (17, 18), (17, 19), (17, 26), (18, 19), (19, 15), (19, 17), (19, 20), (19, 35), (20, 19), (20, 21), (20, 22), (21, 8), (21, 14), (21, 18), (21, 22), (22, 20), (22, 23), (23, 10), (23, 14), (23, 24), (23, 25), (23, 31), (23, 48), (24, 25), (24, 26), (25, 6), (25, 23), (25, 26), (25, 43), (26, 16), (26, 27), (26, 28), (27, 28), (28, 2), (28, 7), (28, 26), (28, 29), (29, 15), (29, 26), (29, 30), (29, 31), (30, 31), (31, 29), (31, 32), (31, 38), (32, 18), (32, 33), (32, 34), (32, 37), (32, 42), (33, 34), (34, 14), (34, 32), (34, 33), (34, 35), (34, 42), (35, 6), (35, 11), (35, 28), (35, 36), (35, 37), (35, 46), (35, 47), (36, 37), (36, 38), (37, 35), (37, 38), (37, 49), (38, 28), (38, 34), (38, 39), (38, 40), (39, 22), (39, 40), (40, 15), (40, 20), (40, 38), (40, 41), (40, 48), (41, 22), (41, 42), (41, 43), (42, 15), (42, 43), (43, 8), (43, 41), (43, 44), (44, 21), (44, 45), (44, 46), (45, 5), (45, 32), (45, 46), (46, 28), (46, 44), (46, 47), (47, 5), (47, 48), (47, 49), (48, 49), (49, 1), (49, 47)]"
261,synthetic_cc100_v50_61,100,100,100,50,148,0,1,"[(0, 2), (2, 3), (2, 4), (2, 35), (3, 4), (3, 26), (4, 2), (4, 5), (4, 8), (5, 6), (5, 7), (5, 33), (5, 39), (6, 7), (7, 5), (7, 6), (7, 8), (7, 29), (8, 9), (8, 10), (8, 19), (9, 10), (10, 4), (10, 8), (10, 11), (10, 30), (11, 9), (11, 12), (11, 13), (11, 16), (11, 19), (11, 37), (11, 46), (12, 13), (12, 36), (13, 11), (13, 14), (13, 41), (14, 15), (14, 16), (14, 39), (14, 42), (15, 13), (15, 16), (15, 37), (16, 14), (16, 17), (16, 21), (17, 18), (17, 19), (17, 47), (18, 19), (18, 26), (18, 43), (19, 17), (19, 20), (19, 25), (19, 28), (19, 30), (20, 21), (20, 22), (20, 32), (20, 39), (21, 22), (21, 31), (21, 33), (21, 42), (21, 43), (22, 20), (22, 23), (22, 28), (22, 30), (22, 35), (23, 24), (23, 25), (24, 25), (25, 18), (25, 23), (25, 26), (26, 27), (26, 28), (27, 28), (28, 17), (28, 26), (28, 29), (28, 49), (29, 30), (29, 31), (30, 31), (31, 29), (31, 32), (31, 40), (31, 46), (32, 1), (32, 33), (32, 34), (32, 37), (33, 1), (33, 5), (33, 20), (33, 34), (34, 16), (34, 32), (34, 35), (34, 39), (34, 42), (35, 36), (35, 37), (36, 9), (36, 37), (36, 43), (37, 9), (37, 35), (37, 38), (37, 39), (38, 39), (38, 40), (39, 40), (40, 13), (40, 38), (40, 41), (41, 42), (41, 43), (42, 29), (42, 43), (43, 26), (43, 35), (43, 41), (43, 44), (44, 35), (44, 45), (44, 46), (45, 21), (45, 44), (45, 46), (46, 15), (46, 27), (46, 44), (46, 47), (47, 33), (47, 44), (47, 48), (47, 49), (48, 29), (48, 49), (49, 1), (49, 7), (49, 47)]"
262,synthetic_cc100_v50_62,100,100,100,50,148,0,1,"[(0, 2), (2, 3), (2, 4), (3, 4), (3, 11), (3, 14), (3, 23), (3, 24), (4, 2), (4, 5), (4, 11), (4, 33), (5, 6), (5, 7), (5, 9), (6, 7), (6, 21), (6, 23), (7, 5), (7, 8), (7, 9), (8, 9), (8, 10), (8, 45), (9, 10), (9, 43), (10, 8), (10, 11), (10, 34), (10, 35), (11, 12), (11, 13), (12, 3), (12, 13), (12, 24), (13, 11), (13, 14), (14, 12), (14, 15), (14, 16), (14, 18), (14, 41), (15, 16), (16, 4), (16, 8), (16, 14), (16, 17), (17, 9), (17, 18), (17, 19), (17, 24), (18, 4), (18, 19), (18, 25), (19, 9), (19, 15), (19, 17), (19, 20), (19, 25), (20, 10), (20, 21), (20, 22), (21, 1), (21, 22), (21, 47), (22, 1), (22, 20), (22, 23), (22, 40), (23, 9), (23, 19), (23, 24), (23, 25), (24, 25), (25, 23), (25, 26), (26, 27), (26, 28), (27, 28), (27, 31), (27, 32), (27, 40), (28, 22), (28, 26), (28, 29), (28, 41), (29, 10), (29, 30), (29, 31), (30, 1), (30, 31), (30, 34), (31, 27), (31, 29), (31, 32), (32, 24), (32, 33), (32, 34), (33, 11), (33, 16), (33, 17), (33, 34), (33, 44), (34, 1), (34, 32), (34, 35), (34, 43), (34, 48), (35, 8), (35, 36), (35, 37), (36, 37), (37, 3), (37, 35), (37, 38), (38, 20), (38, 28), (38, 39), (38, 40), (39, 40), (40, 6), (40, 38), (40, 41), (41, 18), (41, 42), (41, 43), (42, 43), (43, 15), (43, 41), (43, 44), (44, 11), (44, 25), (44, 45), (44, 46), (45, 32), (45, 46), (46, 13), (46, 24), (46, 44), (46, 47), (47, 40), (47, 48), (47, 49), (48, 3), (48, 49), (49, 1), (49, 26), (49, 47)]"
263,synthetic_cc100_v50_63,100,100,100,50,148,0,1,"[(0, 2), (2, 3), (2, 4), (2, 41), (3, 4), (4, 2), (4, 5), (4, 14), (4, 39), (5, 6), (5, 7), (6, 7), (6, 21), (7, 5), (7, 8), (7, 12), (8, 9), (8, 10), (8, 24), (8, 48), (9, 2), (9, 10), (9, 34), (9, 49), (10, 3), (10, 8), (10, 11), (10, 36), (10, 38), (11, 4), (11, 12), (11, 13), (12, 9), (12, 13), (12, 26), (13, 6), (13, 11), (13, 12), (13, 14), (13, 41), (13, 48), (14, 15), (14, 16), (14, 43), (15, 16), (16, 14), (16, 17), (16, 25), (17, 18), (17, 19), (17, 41), (18, 9), (18, 19), (18, 27), (18, 32), (19, 17), (19, 20), (19, 46), (20, 21), (20, 22), (20, 46), (21, 11), (21, 22), (22, 20), (22, 23), (22, 42), (23, 6), (23, 24), (23, 25), (24, 9), (24, 25), (24, 33), (25, 23), (25, 26), (25, 47), (25, 49), (26, 27), (26, 28), (26, 40), (26, 43), (27, 22), (27, 28), (28, 26), (28, 29), (29, 20), (29, 30), (29, 31), (29, 39), (30, 31), (31, 29), (31, 32), (31, 36), (32, 6), (32, 33), (32, 34), (32, 40), (32, 47), (33, 15), (33, 29), (33, 34), (34, 9), (34, 14), (34, 32), (34, 35), (35, 32), (35, 36), (35, 37), (36, 4), (36, 5), (36, 37), (37, 35), (37, 38), (38, 39), (38, 40), (39, 4), (39, 40), (39, 41), (39, 45), (39, 48), (39, 49), (40, 8), (40, 41), (41, 31), (41, 42), (41, 43), (42, 26), (42, 30), (42, 32), (42, 33), (42, 43), (43, 32), (43, 41), (43, 44), (44, 13), (44, 38), (44, 45), (44, 46), (45, 33), (45, 46), (45, 48), (46, 44), (46, 47), (47, 24), (47, 48), (47, 49), (48, 49), (49, 1), (49, 47)]"
264,synthetic_cc100_v50_64,100,100,100,50,148,0,1,"[(0, 2), (2, 3), (2, 4), (2, 26), (3, 4), (3, 5), (3, 19), (4, 2), (4, 5), (4, 9), (4, 11), (4, 38), (4, 42), (5, 6), (5, 7), (6, 7), (6, 19), (6, 28), (7, 5), (7, 8), (7, 17), (7, 36), (8, 9), (8, 10), (8, 22), (9, 10), (9, 14), (9, 20), (10, 8), (10, 11), (10, 41), (11, 12), (11, 13), (11, 37), (12, 13), (12, 15), (12, 40), (13, 11), (13, 14), (14, 6), (14, 15), (14, 16), (14, 42), (15, 16), (16, 5), (16, 14), (16, 17), (16, 36), (16, 39), (17, 2), (17, 9), (17, 18), (17, 19), (17, 21), (17, 23), (17, 24), (17, 36), (18, 19), (18, 37), (18, 38), (19, 17), (19, 20), (19, 23), (19, 25), (20, 14), (20, 21), (20, 22), (20, 49), (21, 22), (21, 28), (22, 10), (22, 17), (22, 20), (22, 23), (22, 41), (23, 24), (23, 25), (24, 25), (24, 47), (25, 13), (25, 23), (25, 26), (26, 27), (26, 28), (26, 34), (27, 18), (27, 28), (28, 19), (28, 26), (28, 29), (29, 24), (29, 30), (29, 31), (30, 16), (30, 31), (31, 29), (31, 32), (31, 46), (32, 23), (32, 33), (32, 34), (32, 37), (33, 34), (34, 14), (34, 32), (34, 35), (34, 37), (35, 15), (35, 26), (35, 36), (35, 37), (35, 49), (36, 37), (37, 35), (37, 38), (37, 49), (38, 39), (38, 40), (39, 19), (39, 40), (40, 8), (40, 9), (40, 38), (40, 41), (41, 4), (41, 17), (41, 40), (41, 42), (41, 43), (42, 43), (43, 41), (43, 44), (44, 41), (44, 45), (44, 46), (45, 2), (45, 13), (45, 46), (46, 44), (46, 47), (47, 48), (47, 49), (48, 49), (49, 1), (49, 9), (49, 29), (49, 46), (49, 47)]"
265,synthetic_cc100_v50_65,100,100,100,50,148,0,1,"[(0, 2), (2, 3), (3, 4), (4, 2), (4, 5), (4, 13), (5, 6), (5, 7), (6, 7), (6, 23), (7, 5), (7, 8), (7, 49), (8, 5), (8, 9), (8, 10), (9, 10), (9, 15), (9, 49), (10, 8), (10, 11), (10, 41), (10, 42), (11, 12), (11, 13), (11, 23), (11, 41), (12, 6), (12, 13), (13, 5), (13, 11), (13, 14), (13, 25), (14, 9), (14, 13), (14, 15), (14, 16), (14, 33), (14, 49), (15, 16), (15, 29), (16, 2), (16, 14), (16, 17), (17, 18), (17, 19), (17, 20), (17, 36), (18, 19), (18, 30), (19, 16), (19, 17), (19, 20), (20, 21), (20, 22), (21, 19), (21, 22), (21, 26), (21, 40), (21, 41), (22, 20), (22, 23), (22, 36), (22, 37), (23, 22), (23, 24), (23, 25), (23, 28), (23, 49), (24, 25), (24, 31), (24, 48), (25, 23), (25, 26), (26, 24), (26, 27), (26, 28), (26, 41), (27, 28), (27, 35), (27, 46), (28, 26), (28, 29), (29, 4), (29, 27), (29, 30), (29, 31), (30, 14), (30, 31), (30, 35), (31, 26), (31, 29), (31, 32), (32, 29), (32, 33), (32, 34), (32, 43), (33, 2), (33, 34), (34, 32), (34, 35), (34, 49), (35, 1), (35, 7), (35, 36), (35, 37), (36, 37), (37, 12), (37, 35), (37, 38), (37, 40), (38, 39), (38, 40), (39, 10), (39, 35), (39, 40), (39, 45), (40, 38), (40, 41), (41, 42), (41, 43), (41, 44), (42, 43), (43, 41), (43, 42), (43, 44), (44, 18), (44, 29), (44, 45), (44, 46), (45, 1), (45, 46), (46, 1), (46, 16), (46, 44), (46, 47), (47, 12), (47, 37), (47, 48), (47, 49), (48, 7), (48, 46), (48, 49), (49, 1), (49, 4), (49, 22), (49, 43), (49, 47)]"
266,synthetic_cc100_v50_66,100,100,100,50,148,0,1,"[(0, 2), (2, 3), (2, 4), (2, 7), (2, 45), (2, 48), (3, 2), (3, 4), (3, 45), (4, 2), (4, 5), (4, 24), (5, 6), (5, 7), (6, 7), (6, 13), (6, 34), (6, 35), (6, 49), (7, 5), (7, 8), (7, 26), (8, 9), (8, 10), (8, 32), (9, 5), (9, 10), (9, 29), (9, 43), (10, 8), (10, 9), (10, 11), (10, 48), (11, 12), (11, 13), (12, 13), (12, 34), (13, 11), (13, 14), (14, 15), (14, 16), (15, 16), (15, 25), (16, 12), (16, 14), (16, 17), (16, 33), (17, 15), (17, 18), (17, 19), (17, 21), (18, 16), (18, 19), (18, 43), (19, 17), (19, 20), (20, 17), (20, 21), (20, 22), (21, 8), (21, 22), (22, 20), (22, 23), (22, 32), (23, 2), (23, 24), (23, 25), (23, 40), (24, 8), (24, 25), (24, 34), (24, 42), (25, 12), (25, 23), (25, 26), (25, 38), (26, 27), (26, 28), (27, 18), (27, 28), (27, 48), (28, 18), (28, 26), (28, 29), (29, 9), (29, 19), (29, 30), (29, 31), (30, 31), (30, 49), (31, 29), (31, 32), (31, 37), (31, 43), (32, 33), (32, 34), (32, 35), (32, 49), (33, 34), (34, 32), (34, 35), (35, 36), (35, 37), (35, 45), (36, 22), (36, 28), (36, 37), (37, 10), (37, 28), (37, 35), (37, 38), (37, 42), (38, 37), (38, 39), (38, 40), (38, 46), (39, 40), (40, 38), (40, 41), (40, 44), (41, 14), (41, 42), (41, 43), (42, 24), (42, 43), (43, 5), (43, 13), (43, 21), (43, 24), (43, 41), (43, 44), (44, 45), (44, 46), (45, 4), (45, 46), (46, 4), (46, 44), (46, 47), (47, 3), (47, 19), (47, 48), (47, 49), (48, 13), (48, 31), (48, 33), (48, 49), (49, 1), (49, 47)]"
267,synthetic_cc100_v50_67,100,100,100,50,148,0,1,"[(0, 2), (2, 3), (2, 4), (3, 4), (3, 37), (4, 2), (4, 5), (4, 25), (5, 6), (5, 7), (6, 7), (6, 25), (7, 5), (7, 8), (8, 9), (8, 10), (9, 10), (9, 34), (10, 8), (10, 11), (11, 7), (11, 12), (11, 13), (12, 3), (12, 13), (13, 11), (13, 14), (14, 6), (14, 8), (14, 15), (14, 16), (14, 34), (14, 38), (15, 8), (15, 16), (15, 17), (15, 19), (16, 3), (16, 9), (16, 14), (16, 17), (16, 46), (17, 13), (17, 18), (17, 19), (18, 19), (18, 36), (19, 5), (19, 15), (19, 17), (19, 18), (19, 20), (19, 29), (20, 21), (20, 22), (20, 33), (21, 6), (21, 18), (21, 22), (22, 20), (22, 23), (23, 21), (23, 24), (23, 25), (23, 28), (23, 32), (24, 20), (24, 25), (24, 48), (25, 23), (25, 26), (26, 22), (26, 27), (26, 28), (26, 36), (27, 22), (27, 28), (27, 29), (28, 26), (28, 29), (29, 18), (29, 30), (29, 31), (29, 40), (30, 12), (30, 31), (30, 36), (31, 23), (31, 29), (31, 32), (32, 26), (32, 33), (32, 34), (33, 34), (34, 9), (34, 24), (34, 32), (34, 35), (35, 11), (35, 31), (35, 36), (35, 37), (35, 47), (36, 5), (36, 29), (36, 30), (36, 37), (36, 42), (37, 35), (37, 38), (37, 41), (38, 39), (38, 40), (39, 1), (39, 23), (39, 40), (39, 43), (40, 22), (40, 38), (40, 41), (41, 9), (41, 14), (41, 31), (41, 42), (41, 43), (42, 1), (42, 28), (42, 43), (43, 41), (43, 44), (43, 48), (44, 45), (44, 46), (45, 13), (45, 22), (45, 26), (45, 32), (45, 46), (46, 44), (46, 47), (47, 12), (47, 16), (47, 48), (47, 49), (48, 49), (49, 1), (49, 31), (49, 47)]"
268,synthetic_cc100_v50_68,100,100,100,50,148,0,1,"[(0, 2), (2, 3), (2, 4), (2, 17), (2, 27), (3, 4), (3, 21), (3, 36), (4, 2), (4, 5), (4, 15), (4, 32), (5, 6), (5, 7), (6, 7), (6, 12), (6, 21), (6, 39), (6, 42), (7, 5), (7, 8), (7, 37), (8, 5), (8, 9), (8, 10), (8, 31), (9, 10), (9, 11), (9, 32), (9, 33), (10, 8), (10, 11), (10, 14), (11, 12), (11, 13), (11, 14), (12, 2), (12, 13), (12, 20), (13, 11), (13, 14), (13, 25), (13, 42), (14, 15), (14, 16), (14, 37), (15, 8), (15, 16), (15, 49), (16, 14), (16, 17), (16, 27), (17, 13), (17, 18), (17, 19), (17, 21), (17, 25), (18, 14), (18, 19), (18, 31), (19, 4), (19, 17), (19, 20), (19, 46), (20, 8), (20, 18), (20, 21), (20, 22), (21, 18), (21, 22), (22, 19), (22, 20), (22, 23), (22, 35), (22, 37), (23, 13), (23, 24), (23, 25), (24, 2), (24, 13), (24, 17), (24, 25), (25, 4), (25, 13), (25, 23), (25, 26), (26, 27), (26, 28), (27, 28), (28, 26), (28, 29), (29, 10), (29, 30), (29, 31), (30, 31), (30, 46), (31, 2), (31, 29), (31, 32), (31, 42), (32, 3), (32, 33), (32, 34), (32, 39), (33, 34), (34, 25), (34, 32), (34, 35), (34, 41), (34, 45), (35, 9), (35, 36), (35, 37), (36, 37), (37, 26), (37, 35), (37, 38), (38, 19), (38, 39), (38, 40), (39, 40), (40, 9), (40, 38), (40, 41), (41, 42), (41, 43), (41, 48), (41, 49), (42, 43), (43, 15), (43, 41), (43, 44), (44, 13), (44, 45), (44, 46), (45, 46), (46, 44), (46, 47), (47, 17), (47, 42), (47, 48), (47, 49), (48, 20), (48, 49), (49, 1), (49, 8), (49, 26), (49, 47)]"
269,synthetic_cc100_v50_69,100,100,100,50,148,0,1,"[(0, 2), (2, 3), (2, 4), (2, 39), (2, 41), (3, 4), (3, 31), (4, 2), (4, 5), (4, 7), (4, 8), (5, 6), (5, 7), (5, 20), (6, 7), (6, 35), (7, 5), (7, 8), (8, 9), (8, 10), (9, 10), (9, 20), (10, 8), (10, 11), (10, 19), (10, 27), (10, 42), (11, 8), (11, 12), (11, 13), (11, 23), (11, 27), (11, 39), (11, 49), (12, 13), (12, 45), (12, 46), (13, 11), (13, 14), (13, 38), (14, 15), (14, 16), (15, 16), (16, 14), (16, 17), (16, 31), (17, 1), (17, 18), (17, 19), (17, 24), (17, 28), (17, 39), (18, 12), (18, 19), (18, 30), (19, 17), (19, 20), (19, 43), (19, 46), (20, 7), (20, 21), (20, 22), (20, 41), (21, 15), (21, 22), (22, 18), (22, 20), (22, 23), (22, 25), (23, 24), (23, 25), (23, 38), (24, 25), (24, 45), (25, 23), (25, 26), (26, 14), (26, 20), (26, 27), (26, 28), (26, 32), (27, 28), (27, 35), (27, 39), (28, 19), (28, 26), (28, 29), (28, 44), (28, 46), (29, 30), (29, 31), (30, 31), (31, 29), (31, 32), (31, 47), (32, 33), (32, 34), (32, 38), (33, 34), (33, 38), (33, 44), (34, 5), (34, 32), (34, 35), (34, 44), (34, 45), (35, 11), (35, 26), (35, 36), (35, 37), (36, 37), (36, 45), (37, 35), (37, 38), (38, 37), (38, 39), (38, 40), (38, 47), (39, 16), (39, 25), (39, 40), (40, 11), (40, 12), (40, 38), (40, 41), (41, 9), (41, 42), (41, 43), (42, 3), (42, 43), (43, 41), (43, 44), (44, 19), (44, 43), (44, 45), (44, 46), (45, 7), (45, 16), (45, 46), (46, 44), (46, 47), (47, 48), (47, 49), (48, 37), (48, 49), (49, 1), (49, 20), (49, 47)]"
270,synthetic_cc100_v50_70,100,100,100,50,148,0,1,"[(0, 2), (2, 3), (2, 4), (2, 40), (3, 4), (3, 18), (4, 2), (4, 5), (4, 19), (4, 47), (5, 6), (5, 7), (5, 21), (5, 23), (6, 5), (6, 7), (6, 23), (7, 5), (7, 8), (7, 40), (8, 9), (8, 10), (8, 25), (9, 10), (10, 8), (10, 11), (10, 12), (10, 21), (10, 40), (11, 12), (11, 13), (11, 20), (12, 13), (12, 25), (13, 11), (13, 14), (14, 9), (14, 15), (14, 16), (14, 33), (15, 16), (15, 41), (16, 14), (16, 17), (17, 18), (17, 19), (17, 21), (17, 28), (18, 12), (18, 17), (18, 19), (19, 17), (19, 20), (19, 46), (20, 21), (20, 22), (20, 46), (21, 22), (22, 20), (22, 23), (23, 24), (23, 25), (23, 30), (24, 14), (24, 25), (24, 26), (24, 27), (25, 23), (25, 26), (25, 45), (26, 10), (26, 27), (26, 28), (27, 5), (27, 28), (28, 26), (28, 29), (28, 37), (29, 2), (29, 15), (29, 18), (29, 24), (29, 30), (29, 31), (30, 15), (30, 31), (30, 33), (31, 20), (31, 29), (31, 32), (32, 20), (32, 23), (32, 33), (32, 34), (33, 20), (33, 34), (34, 5), (34, 32), (34, 35), (35, 25), (35, 34), (35, 36), (35, 37), (36, 37), (36, 44), (37, 32), (37, 35), (37, 38), (37, 45), (38, 33), (38, 39), (38, 40), (39, 12), (39, 40), (40, 34), (40, 38), (40, 41), (41, 7), (41, 36), (41, 42), (41, 43), (42, 1), (42, 7), (42, 27), (42, 43), (43, 3), (43, 41), (43, 44), (44, 45), (44, 46), (45, 15), (45, 20), (45, 26), (45, 33), (45, 46), (46, 22), (46, 44), (46, 47), (47, 22), (47, 24), (47, 48), (47, 49), (48, 8), (48, 16), (48, 23), (48, 49), (49, 1), (49, 47)]"
271,synthetic_cc100_v50_71,100,100,100,50,148,0,1,"[(0, 2), (2, 3), (2, 4), (3, 2), (3, 4), (3, 5), (4, 2), (4, 5), (4, 7), (4, 10), (4, 14), (4, 25), (5, 6), (5, 7), (5, 15), (6, 7), (6, 17), (6, 36), (7, 5), (7, 8), (7, 19), (7, 45), (8, 5), (8, 9), (8, 10), (9, 10), (10, 8), (10, 11), (11, 12), (11, 13), (12, 13), (13, 11), (13, 14), (13, 42), (14, 6), (14, 15), (14, 16), (15, 3), (15, 16), (15, 31), (16, 5), (16, 14), (16, 17), (16, 26), (17, 1), (17, 18), (17, 19), (17, 25), (17, 33), (18, 19), (18, 47), (19, 17), (19, 20), (20, 7), (20, 8), (20, 12), (20, 21), (20, 22), (20, 37), (21, 22), (21, 40), (22, 20), (22, 23), (23, 24), (23, 25), (23, 26), (24, 4), (24, 7), (24, 21), (24, 25), (25, 7), (25, 23), (25, 26), (25, 46), (26, 27), (26, 28), (26, 43), (27, 3), (27, 28), (28, 18), (28, 26), (28, 29), (29, 30), (29, 31), (30, 12), (30, 31), (30, 32), (30, 41), (31, 29), (31, 32), (32, 2), (32, 33), (32, 34), (33, 34), (33, 35), (33, 48), (34, 32), (34, 35), (35, 2), (35, 12), (35, 36), (35, 37), (35, 40), (36, 37), (36, 43), (37, 6), (37, 28), (37, 35), (37, 38), (37, 46), (37, 49), (38, 28), (38, 39), (38, 40), (39, 40), (40, 2), (40, 20), (40, 38), (40, 41), (41, 42), (41, 43), (42, 4), (42, 30), (42, 32), (42, 43), (43, 5), (43, 6), (43, 12), (43, 41), (43, 44), (44, 13), (44, 45), (44, 46), (44, 49), (45, 46), (45, 49), (46, 8), (46, 11), (46, 44), (46, 47), (47, 10), (47, 48), (47, 49), (48, 15), (48, 49), (49, 1), (49, 9), (49, 47)]"
272,synthetic_cc100_v50_72,100,100,100,50,148,0,1,"[(0, 2), (2, 3), (2, 4), (2, 9), (3, 4), (3, 14), (4, 2), (4, 5), (5, 6), (5, 7), (5, 10), (5, 34), (6, 7), (6, 47), (7, 1), (7, 5), (7, 8), (7, 28), (8, 9), (8, 10), (9, 10), (9, 26), (10, 8), (10, 11), (10, 33), (11, 12), (11, 13), (11, 39), (11, 44), (12, 13), (12, 19), (12, 25), (12, 47), (13, 11), (13, 14), (13, 38), (13, 48), (14, 15), (14, 16), (14, 48), (15, 16), (15, 28), (16, 14), (16, 17), (16, 20), (17, 18), (17, 19), (17, 37), (18, 19), (18, 46), (19, 17), (19, 20), (19, 25), (20, 21), (20, 22), (20, 44), (21, 22), (21, 38), (21, 40), (21, 41), (21, 48), (22, 20), (22, 23), (22, 43), (22, 47), (23, 24), (23, 25), (23, 39), (24, 25), (25, 23), (25, 26), (25, 33), (25, 37), (26, 27), (26, 28), (27, 12), (27, 28), (28, 3), (28, 9), (28, 17), (28, 26), (28, 29), (28, 49), (29, 17), (29, 27), (29, 30), (29, 31), (30, 3), (30, 31), (30, 39), (30, 40), (31, 15), (31, 17), (31, 29), (31, 32), (31, 46), (32, 33), (32, 34), (32, 39), (33, 34), (34, 8), (34, 14), (34, 32), (34, 35), (35, 36), (35, 37), (35, 43), (36, 34), (36, 37), (36, 42), (37, 35), (37, 38), (38, 39), (38, 40), (39, 27), (39, 28), (39, 40), (39, 46), (40, 38), (40, 41), (41, 42), (41, 43), (42, 22), (42, 43), (43, 16), (43, 18), (43, 21), (43, 25), (43, 28), (43, 41), (43, 44), (44, 23), (44, 45), (44, 46), (45, 46), (46, 9), (46, 44), (46, 47), (46, 49), (47, 9), (47, 19), (47, 48), (47, 49), (48, 31), (48, 33), (48, 49), (49, 1), (49, 47)]"
273,synthetic_cc100_v50_73,100,100,100,50,148,0,1,"[(0, 2), (2, 3), (2, 4), (2, 21), (3, 4), (3, 14), (4, 2), (4, 5), (4, 30), (4, 40), (4, 45), (5, 6), (5, 7), (5, 37), (6, 7), (6, 23), (7, 5), (7, 8), (8, 4), (8, 9), (8, 10), (9, 10), (10, 8), (10, 11), (11, 12), (11, 13), (11, 22), (11, 41), (12, 13), (12, 19), (13, 11), (13, 14), (13, 36), (14, 15), (14, 16), (14, 32), (14, 36), (15, 16), (15, 23), (16, 14), (16, 17), (16, 22), (17, 18), (17, 19), (17, 31), (18, 19), (19, 17), (19, 20), (19, 42), (20, 2), (20, 21), (20, 22), (20, 42), (20, 48), (21, 6), (21, 22), (21, 28), (21, 37), (22, 20), (22, 23), (23, 2), (23, 24), (23, 25), (23, 44), (24, 25), (25, 7), (25, 16), (25, 23), (25, 26), (25, 37), (26, 3), (26, 27), (26, 28), (26, 34), (26, 44), (27, 12), (27, 28), (28, 26), (28, 29), (28, 43), (28, 44), (29, 30), (29, 31), (30, 12), (30, 25), (30, 27), (30, 31), (31, 18), (31, 29), (31, 32), (32, 33), (32, 34), (33, 4), (33, 13), (33, 20), (33, 34), (34, 24), (34, 32), (34, 35), (35, 36), (35, 37), (36, 29), (36, 30), (36, 37), (37, 35), (37, 38), (37, 44), (38, 39), (38, 40), (39, 37), (39, 40), (40, 11), (40, 14), (40, 24), (40, 38), (40, 39), (40, 41), (41, 42), (41, 43), (42, 15), (42, 43), (43, 25), (43, 41), (43, 44), (44, 8), (44, 19), (44, 41), (44, 42), (44, 45), (44, 46), (45, 17), (45, 40), (45, 46), (46, 1), (46, 12), (46, 44), (46, 47), (47, 6), (47, 19), (47, 48), (47, 49), (48, 1), (48, 3), (48, 15), (48, 49), (49, 1), (49, 30), (49, 47)]"
274,synthetic_cc100_v50_74,100,100,100,50,148,0,1,"[(0, 2), (2, 1), (2, 3), (2, 4), (2, 8), (2, 25), (3, 4), (4, 2), (4, 5), (4, 13), (5, 6), (5, 7), (5, 11), (5, 44), (6, 7), (6, 25), (7, 5), (7, 6), (7, 8), (7, 19), (7, 24), (7, 48), (8, 9), (8, 10), (8, 17), (8, 30), (9, 1), (9, 10), (9, 32), (10, 8), (10, 11), (10, 15), (11, 12), (11, 13), (11, 17), (11, 34), (12, 13), (12, 45), (12, 48), (13, 11), (13, 12), (13, 14), (13, 44), (13, 48), (14, 15), (14, 16), (14, 37), (14, 42), (15, 13), (15, 16), (15, 29), (16, 14), (16, 17), (16, 38), (16, 41), (17, 6), (17, 18), (17, 19), (18, 19), (18, 40), (18, 44), (19, 3), (19, 17), (19, 20), (20, 21), (20, 22), (20, 28), (21, 4), (21, 19), (21, 22), (22, 13), (22, 20), (22, 23), (22, 39), (23, 24), (23, 25), (24, 25), (25, 20), (25, 23), (25, 26), (25, 48), (26, 27), (26, 28), (26, 39), (27, 1), (27, 23), (27, 28), (28, 26), (28, 29), (28, 35), (29, 30), (29, 31), (29, 41), (30, 31), (31, 29), (31, 32), (31, 49), (32, 25), (32, 33), (32, 34), (33, 30), (33, 34), (34, 18), (34, 32), (34, 35), (35, 22), (35, 36), (35, 37), (35, 41), (36, 37), (37, 25), (37, 35), (37, 38), (38, 28), (38, 39), (38, 40), (39, 15), (39, 34), (39, 40), (40, 4), (40, 7), (40, 38), (40, 41), (40, 46), (41, 26), (41, 42), (41, 43), (41, 44), (42, 3), (42, 37), (42, 43), (43, 41), (43, 44), (44, 45), (44, 46), (45, 46), (46, 34), (46, 44), (46, 47), (47, 10), (47, 48), (47, 49), (48, 21), (48, 49), (49, 1), (49, 36), (49, 45), (49, 47)]"
275,synthetic_cc100_v50_75,100,100,100,50,148,0,1,"[(0, 2), (2, 3), (2, 4), (3, 4), (3, 27), (4, 2), (4, 5), (4, 9), (4, 14), (4, 16), (5, 6), (5, 7), (6, 7), (6, 18), (6, 42), (7, 5), (7, 8), (8, 9), (8, 10), (8, 35), (9, 8), (9, 10), (10, 8), (10, 11), (11, 12), (11, 13), (11, 15), (12, 4), (12, 8), (12, 13), (12, 27), (12, 31), (12, 47), (13, 11), (13, 14), (14, 15), (14, 16), (14, 20), (14, 29), (15, 16), (15, 31), (16, 14), (16, 17), (16, 35), (16, 38), (17, 10), (17, 18), (17, 19), (17, 29), (18, 9), (18, 19), (19, 17), (19, 20), (20, 21), (20, 22), (21, 1), (21, 7), (21, 22), (21, 25), (22, 20), (22, 23), (22, 39), (22, 47), (23, 16), (23, 20), (23, 24), (23, 25), (24, 25), (25, 18), (25, 23), (25, 26), (25, 28), (25, 42), (26, 15), (26, 27), (26, 28), (27, 6), (27, 28), (27, 46), (28, 15), (28, 26), (28, 29), (28, 33), (28, 42), (29, 8), (29, 30), (29, 31), (29, 42), (30, 15), (30, 31), (31, 8), (31, 9), (31, 29), (31, 32), (31, 45), (32, 33), (32, 34), (32, 36), (33, 34), (34, 30), (34, 32), (34, 35), (34, 49), (35, 15), (35, 31), (35, 36), (35, 37), (35, 48), (36, 11), (36, 37), (37, 11), (37, 34), (37, 35), (37, 38), (38, 24), (38, 39), (38, 40), (39, 40), (40, 38), (40, 41), (41, 5), (41, 17), (41, 42), (41, 43), (42, 36), (42, 43), (43, 8), (43, 37), (43, 41), (43, 44), (44, 10), (44, 45), (44, 46), (45, 10), (45, 40), (45, 46), (46, 44), (46, 47), (47, 3), (47, 4), (47, 48), (47, 49), (48, 8), (48, 38), (48, 49), (49, 1), (49, 4), (49, 47)]"
276,synthetic_cc100_v50_76,100,100,100,50,148,0,1,"[(0, 2), (2, 3), (2, 4), (2, 13), (2, 14), (3, 4), (3, 38), (4, 2), (4, 5), (5, 6), (5, 7), (5, 8), (5, 18), (5, 43), (6, 7), (6, 39), (6, 41), (7, 5), (7, 8), (7, 24), (7, 48), (8, 9), (8, 10), (8, 35), (9, 2), (9, 10), (10, 8), (10, 11), (10, 26), (11, 10), (11, 12), (11, 13), (11, 23), (11, 34), (12, 13), (12, 40), (12, 45), (13, 11), (13, 14), (13, 40), (14, 1), (14, 15), (14, 16), (14, 43), (15, 16), (16, 14), (16, 17), (17, 18), (17, 19), (17, 48), (18, 5), (18, 19), (18, 28), (19, 17), (19, 20), (20, 1), (20, 4), (20, 12), (20, 21), (20, 22), (21, 22), (22, 11), (22, 14), (22, 20), (22, 23), (22, 24), (23, 5), (23, 24), (23, 25), (24, 15), (24, 25), (24, 29), (25, 23), (25, 26), (26, 6), (26, 13), (26, 27), (26, 28), (26, 43), (27, 28), (28, 10), (28, 26), (28, 29), (28, 30), (29, 21), (29, 30), (29, 31), (30, 31), (30, 44), (30, 47), (31, 8), (31, 19), (31, 21), (31, 23), (31, 29), (31, 32), (32, 13), (32, 24), (32, 33), (32, 34), (32, 48), (33, 22), (33, 34), (34, 24), (34, 32), (34, 35), (34, 44), (35, 28), (35, 36), (35, 49), (36, 37), (37, 35), (37, 38), (38, 14), (38, 39), (38, 40), (39, 40), (39, 49), (40, 19), (40, 33), (40, 38), (40, 41), (41, 42), (41, 43), (42, 22), (42, 43), (43, 24), (43, 41), (43, 44), (44, 32), (44, 45), (44, 46), (45, 17), (45, 46), (46, 39), (46, 44), (46, 47), (47, 23), (47, 48), (47, 49), (48, 35), (48, 40), (48, 44), (48, 47), (48, 49), (49, 1), (49, 45), (49, 47)]"
277,synthetic_cc100_v50_77,100,100,100,50,148,0,1,"[(0, 2), (2, 3), (2, 4), (3, 4), (3, 31), (4, 2), (4, 5), (4, 28), (5, 6), (5, 7), (5, 10), (5, 17), (6, 7), (6, 48), (7, 5), (7, 8), (8, 9), (8, 10), (9, 10), (9, 24), (9, 44), (9, 47), (10, 8), (10, 11), (11, 12), (11, 13), (12, 9), (12, 13), (13, 11), (13, 14), (14, 15), (14, 16), (15, 16), (15, 28), (16, 10), (16, 14), (16, 15), (16, 17), (17, 9), (17, 18), (17, 19), (17, 33), (18, 19), (18, 38), (19, 2), (19, 17), (19, 20), (19, 27), (20, 14), (20, 21), (20, 22), (20, 49), (21, 16), (21, 22), (21, 26), (21, 33), (22, 8), (22, 9), (22, 20), (22, 23), (23, 24), (23, 25), (24, 11), (24, 16), (24, 17), (24, 25), (25, 12), (25, 23), (25, 26), (25, 29), (26, 8), (26, 27), (26, 28), (27, 11), (27, 28), (28, 7), (28, 26), (28, 29), (28, 38), (29, 19), (29, 30), (29, 31), (29, 36), (30, 10), (30, 13), (30, 31), (30, 48), (31, 29), (31, 32), (32, 33), (32, 34), (33, 16), (33, 31), (33, 34), (34, 32), (34, 35), (34, 41), (35, 7), (35, 24), (35, 36), (35, 37), (35, 39), (36, 16), (36, 37), (37, 16), (37, 35), (37, 38), (38, 12), (38, 30), (38, 32), (38, 39), (38, 40), (38, 44), (39, 40), (40, 38), (40, 41), (41, 42), (41, 43), (41, 48), (42, 5), (42, 43), (42, 48), (43, 25), (43, 41), (43, 44), (44, 38), (44, 42), (44, 45), (44, 46), (45, 7), (45, 24), (45, 25), (45, 34), (45, 46), (46, 44), (46, 47), (47, 6), (47, 46), (47, 48), (47, 49), (48, 36), (48, 49), (49, 1), (49, 6), (49, 10), (49, 32), (49, 35), (49, 47)]"
278,synthetic_cc100_v50_78,100,100,100,50,148,0,1,"[(0, 2), (2, 3), (2, 4), (2, 35), (3, 4), (3, 33), (3, 34), (4, 2), (4, 5), (4, 15), (5, 3), (5, 6), (5, 7), (5, 20), (5, 25), (6, 7), (7, 5), (7, 8), (7, 19), (7, 25), (8, 9), (8, 10), (8, 29), (9, 10), (9, 36), (10, 8), (10, 11), (11, 12), (11, 13), (12, 11), (12, 13), (12, 29), (13, 11), (13, 14), (13, 27), (13, 32), (13, 36), (14, 7), (14, 15), (14, 16), (15, 16), (15, 26), (16, 2), (16, 14), (16, 17), (16, 28), (16, 38), (17, 11), (17, 18), (17, 19), (18, 19), (18, 22), (19, 17), (19, 20), (19, 42), (19, 47), (20, 21), (20, 22), (20, 45), (21, 22), (22, 13), (22, 20), (22, 23), (22, 42), (23, 3), (23, 19), (23, 24), (23, 25), (24, 25), (25, 23), (25, 26), (26, 27), (26, 28), (27, 17), (27, 19), (27, 24), (27, 28), (28, 15), (28, 26), (28, 29), (29, 27), (29, 30), (29, 31), (30, 31), (30, 32), (30, 49), (31, 19), (31, 29), (31, 32), (32, 6), (32, 8), (32, 10), (32, 18), (32, 23), (32, 33), (32, 34), (33, 34), (34, 32), (34, 35), (35, 10), (35, 36), (35, 37), (36, 37), (36, 45), (37, 15), (37, 29), (37, 35), (37, 38), (38, 29), (38, 39), (38, 40), (39, 8), (39, 21), (39, 24), (39, 40), (39, 46), (40, 5), (40, 18), (40, 31), (40, 32), (40, 38), (40, 41), (41, 9), (41, 18), (41, 42), (41, 43), (42, 43), (43, 41), (43, 44), (44, 45), (44, 46), (45, 46), (46, 44), (46, 47), (47, 18), (47, 29), (47, 46), (47, 48), (47, 49), (48, 16), (48, 21), (48, 29), (48, 33), (48, 49), (49, 1), (49, 29), (49, 46), (49, 47)]"
279,synthetic_cc100_v50_79,100,100,100,50,148,0,1,"[(0, 2), (2, 3), (2, 4), (3, 4), (3, 36), (4, 2), (4, 5), (4, 28), (4, 29), (4, 33), (5, 6), (5, 7), (6, 7), (7, 5), (7, 8), (7, 45), (8, 9), (8, 10), (9, 4), (9, 10), (9, 40), (9, 45), (9, 46), (10, 8), (10, 11), (10, 14), (10, 33), (10, 40), (11, 12), (11, 13), (11, 42), (12, 13), (13, 11), (13, 14), (14, 8), (14, 15), (14, 16), (14, 30), (15, 16), (16, 10), (16, 11), (16, 14), (16, 17), (16, 41), (16, 48), (16, 49), (17, 15), (17, 18), (17, 19), (17, 34), (17, 44), (18, 19), (19, 1), (19, 17), (19, 20), (19, 49), (20, 21), (20, 22), (20, 24), (20, 40), (21, 22), (21, 45), (22, 15), (22, 20), (22, 23), (22, 38), (22, 48), (23, 24), (23, 25), (23, 38), (24, 3), (24, 25), (25, 11), (25, 23), (25, 26), (26, 14), (26, 27), (26, 28), (27, 28), (27, 37), (27, 41), (28, 13), (28, 26), (28, 29), (28, 39), (28, 45), (29, 26), (29, 30), (29, 31), (30, 31), (31, 29), (31, 32), (32, 2), (32, 20), (32, 25), (32, 33), (32, 34), (33, 34), (33, 36), (33, 44), (33, 48), (34, 1), (34, 18), (34, 32), (34, 35), (34, 47), (35, 17), (35, 36), (35, 37), (36, 13), (36, 37), (37, 11), (37, 35), (37, 38), (38, 31), (38, 36), (38, 39), (38, 40), (39, 40), (40, 5), (40, 38), (40, 41), (41, 42), (41, 43), (42, 43), (43, 1), (43, 22), (43, 38), (43, 41), (43, 44), (44, 11), (44, 45), (44, 46), (45, 18), (45, 46), (46, 19), (46, 29), (46, 44), (46, 47), (47, 3), (47, 32), (47, 48), (47, 49), (48, 9), (48, 49), (49, 1), (49, 38), (49, 47)]"
280,synthetic_cc100_v50_80,100,100,100,50,148,0,1,"[(0, 2), (2, 3), (2, 4), (2, 27), (3, 4), (3, 17), (4, 2), (4, 5), (4, 44), (5, 6), (5, 7), (6, 7), (7, 5), (7, 8), (7, 21), (8, 9), (8, 10), (9, 10), (9, 30), (9, 33), (10, 6), (10, 8), (10, 11), (10, 47), (11, 12), (11, 13), (12, 8), (12, 13), (12, 29), (13, 7), (13, 11), (13, 14), (13, 31), (14, 4), (14, 15), (14, 16), (14, 31), (15, 2), (15, 16), (15, 24), (15, 28), (16, 7), (16, 9), (16, 14), (16, 17), (16, 24), (16, 27), (16, 36), (16, 40), (17, 2), (17, 18), (17, 19), (18, 19), (18, 22), (18, 37), (18, 46), (19, 17), (19, 20), (20, 21), (20, 22), (20, 30), (20, 44), (21, 11), (21, 22), (21, 32), (22, 20), (22, 23), (22, 36), (22, 40), (23, 1), (23, 24), (23, 25), (24, 25), (25, 13), (25, 23), (25, 26), (25, 39), (26, 20), (26, 27), (26, 28), (26, 42), (27, 28), (27, 30), (28, 15), (28, 26), (28, 29), (28, 49), (29, 22), (29, 28), (29, 30), (29, 31), (30, 31), (30, 32), (30, 49), (31, 29), (31, 32), (31, 43), (32, 33), (32, 34), (33, 34), (33, 37), (34, 7), (34, 32), (34, 35), (34, 38), (35, 36), (35, 37), (35, 44), (36, 37), (37, 3), (37, 35), (37, 38), (38, 32), (38, 39), (38, 40), (38, 43), (39, 9), (39, 12), (39, 40), (39, 41), (40, 14), (40, 20), (40, 27), (40, 38), (40, 41), (41, 6), (41, 42), (41, 43), (42, 18), (42, 21), (42, 43), (43, 41), (43, 44), (43, 45), (44, 45), (44, 46), (45, 16), (45, 46), (46, 44), (46, 47), (47, 3), (47, 26), (47, 48), (47, 49), (48, 49), (49, 1), (49, 36), (49, 47)]"
281,synthetic_cc100_v50_81,100,100,100,50,148,0,1,"[(0, 2), (2, 3), (2, 4), (2, 14), (2, 42), (3, 4), (3, 23), (4, 2), (4, 3), (4, 5), (4, 10), (5, 6), (5, 7), (5, 14), (5, 19), (5, 23), (5, 44), (6, 7), (6, 25), (6, 26), (7, 5), (7, 8), (7, 14), (7, 23), (7, 28), (8, 9), (8, 10), (8, 42), (9, 10), (9, 14), (10, 8), (10, 11), (10, 21), (10, 48), (11, 12), (11, 13), (11, 47), (12, 13), (13, 11), (13, 14), (13, 19), (14, 15), (14, 16), (15, 9), (15, 16), (15, 26), (16, 14), (16, 17), (16, 26), (17, 18), (17, 19), (18, 16), (18, 19), (18, 47), (19, 17), (19, 20), (20, 21), (20, 22), (20, 44), (21, 22), (21, 36), (22, 6), (22, 20), (22, 23), (23, 24), (23, 25), (24, 16), (24, 25), (24, 37), (25, 5), (25, 14), (25, 20), (25, 23), (25, 26), (25, 28), (25, 46), (26, 27), (26, 28), (26, 32), (27, 3), (27, 28), (28, 26), (28, 29), (29, 25), (29, 27), (29, 30), (29, 31), (30, 31), (30, 35), (31, 21), (31, 24), (31, 29), (31, 32), (32, 17), (32, 29), (32, 33), (32, 34), (33, 22), (33, 34), (34, 32), (34, 35), (34, 46), (35, 9), (35, 11), (35, 36), (35, 37), (36, 19), (36, 27), (36, 31), (36, 37), (37, 35), (37, 38), (38, 35), (38, 39), (38, 40), (39, 11), (39, 30), (39, 32), (39, 36), (39, 40), (39, 46), (40, 26), (40, 38), (40, 41), (41, 42), (41, 43), (42, 31), (42, 39), (42, 43), (43, 27), (43, 36), (43, 41), (43, 44), (44, 45), (44, 46), (45, 46), (46, 8), (46, 36), (46, 44), (46, 47), (47, 4), (47, 11), (47, 48), (47, 49), (48, 33), (48, 49), (49, 1), (49, 47)]"
282,synthetic_cc100_v50_82,100,100,100,50,148,0,1,"[(0, 2), (2, 3), (2, 4), (2, 5), (2, 19), (3, 4), (3, 5), (4, 2), (4, 5), (4, 15), (4, 44), (5, 6), (5, 7), (5, 25), (6, 7), (6, 34), (6, 37), (7, 5), (7, 8), (7, 33), (8, 7), (8, 9), (8, 10), (8, 26), (8, 39), (8, 45), (9, 10), (9, 25), (10, 5), (10, 8), (10, 11), (10, 17), (10, 46), (11, 12), (11, 13), (11, 45), (12, 13), (12, 43), (13, 11), (13, 14), (14, 1), (14, 15), (14, 16), (14, 36), (15, 16), (15, 22), (16, 14), (16, 17), (16, 32), (16, 39), (17, 18), (17, 19), (18, 19), (18, 40), (19, 17), (19, 20), (20, 10), (20, 21), (20, 22), (20, 35), (20, 48), (20, 49), (21, 22), (21, 28), (22, 13), (22, 20), (22, 23), (22, 28), (22, 34), (23, 7), (23, 12), (23, 19), (23, 24), (23, 25), (24, 25), (25, 18), (25, 23), (25, 26), (26, 6), (26, 27), (26, 28), (27, 15), (27, 28), (28, 26), (28, 29), (28, 45), (29, 18), (29, 22), (29, 30), (29, 31), (29, 36), (30, 9), (30, 28), (30, 31), (31, 5), (31, 29), (31, 32), (31, 40), (32, 33), (32, 34), (33, 7), (33, 34), (34, 32), (34, 35), (34, 48), (35, 31), (35, 36), (35, 37), (35, 38), (35, 46), (36, 19), (36, 37), (36, 44), (37, 35), (37, 38), (37, 47), (38, 6), (38, 39), (38, 40), (39, 40), (40, 38), (40, 41), (41, 42), (41, 43), (42, 34), (42, 43), (42, 48), (43, 12), (43, 35), (43, 38), (43, 41), (43, 44), (44, 32), (44, 45), (44, 46), (45, 41), (45, 46), (46, 22), (46, 23), (46, 44), (46, 47), (46, 49), (47, 48), (47, 49), (48, 47), (48, 49), (49, 1), (49, 47)]"
283,synthetic_cc100_v50_83,100,100,100,50,148,0,1,"[(0, 2), (2, 3), (2, 4), (2, 19), (2, 31), (2, 35), (3, 4), (3, 32), (4, 2), (4, 5), (4, 17), (4, 35), (5, 6), (5, 7), (5, 45), (6, 7), (6, 10), (6, 49), (7, 4), (7, 5), (7, 8), (7, 25), (7, 35), (8, 9), (8, 10), (8, 11), (8, 41), (9, 10), (9, 12), (9, 44), (10, 8), (10, 11), (10, 17), (10, 25), (11, 12), (11, 13), (11, 17), (11, 46), (12, 13), (13, 11), (13, 14), (14, 15), (14, 16), (14, 17), (14, 47), (15, 2), (15, 16), (15, 21), (15, 24), (15, 34), (16, 14), (16, 17), (16, 40), (17, 13), (17, 18), (17, 19), (18, 19), (18, 25), (18, 28), (19, 17), (19, 20), (20, 21), (20, 22), (21, 8), (21, 22), (21, 23), (22, 20), (22, 23), (22, 44), (23, 24), (23, 25), (23, 47), (24, 25), (25, 4), (25, 9), (25, 23), (25, 26), (25, 31), (26, 27), (26, 28), (26, 40), (27, 28), (28, 16), (28, 22), (28, 26), (28, 29), (29, 4), (29, 30), (29, 31), (29, 49), (30, 31), (31, 16), (31, 27), (31, 29), (31, 32), (32, 31), (32, 33), (32, 34), (33, 27), (33, 34), (34, 32), (34, 35), (35, 13), (35, 23), (35, 24), (35, 36), (35, 37), (36, 7), (36, 22), (36, 26), (36, 37), (37, 35), (37, 38), (38, 39), (38, 40), (39, 8), (39, 16), (39, 40), (40, 19), (40, 38), (40, 41), (41, 9), (41, 13), (41, 34), (41, 42), (41, 43), (41, 46), (42, 4), (42, 43), (43, 5), (43, 41), (43, 44), (43, 45), (44, 45), (44, 46), (44, 49), (45, 32), (45, 46), (46, 35), (46, 44), (46, 47), (47, 11), (47, 48), (47, 49), (48, 49), (49, 1), (49, 27), (49, 47)]"
284,synthetic_cc100_v50_84,100,100,100,50,148,0,1,"[(0, 2), (2, 3), (2, 4), (2, 26), (3, 4), (3, 28), (4, 2), (4, 5), (4, 9), (4, 22), (4, 23), (4, 42), (5, 6), (5, 7), (6, 7), (6, 11), (7, 5), (7, 8), (8, 9), (8, 10), (8, 23), (8, 36), (9, 3), (9, 10), (9, 34), (10, 5), (10, 8), (10, 11), (10, 15), (10, 36), (11, 12), (11, 13), (12, 13), (12, 35), (13, 11), (13, 14), (14, 15), (14, 16), (14, 23), (15, 16), (15, 21), (15, 48), (16, 14), (16, 17), (16, 29), (17, 18), (17, 19), (17, 25), (17, 48), (18, 13), (18, 19), (19, 14), (19, 17), (19, 20), (20, 21), (20, 22), (21, 22), (22, 14), (22, 20), (22, 23), (23, 2), (23, 12), (23, 24), (23, 25), (23, 27), (23, 30), (24, 25), (25, 23), (25, 26), (25, 36), (26, 27), (26, 28), (26, 31), (27, 28), (28, 9), (28, 26), (28, 29), (29, 2), (29, 25), (29, 30), (29, 31), (29, 37), (30, 14), (30, 20), (30, 31), (31, 3), (31, 28), (31, 29), (31, 32), (32, 23), (32, 33), (32, 34), (32, 38), (32, 44), (33, 19), (33, 34), (33, 39), (34, 8), (34, 32), (34, 35), (35, 3), (35, 6), (35, 8), (35, 14), (35, 36), (35, 37), (36, 2), (36, 10), (36, 37), (37, 20), (37, 35), (37, 38), (37, 44), (38, 5), (38, 13), (38, 24), (38, 39), (38, 40), (39, 2), (39, 7), (39, 40), (40, 38), (40, 41), (41, 7), (41, 42), (41, 43), (42, 37), (42, 43), (43, 35), (43, 41), (43, 44), (44, 27), (44, 45), (44, 46), (45, 46), (46, 2), (46, 44), (46, 47), (47, 33), (47, 48), (47, 49), (48, 49), (49, 1), (49, 11), (49, 16), (49, 34), (49, 44), (49, 47)]"
285,synthetic_cc100_v50_85,100,100,100,50,148,0,1,"[(0, 2), (2, 3), (2, 4), (3, 4), (3, 28), (3, 31), (4, 2), (4, 5), (4, 8), (5, 6), (5, 7), (5, 35), (5, 42), (6, 7), (6, 24), (7, 5), (7, 8), (8, 9), (8, 10), (9, 10), (9, 31), (10, 2), (10, 8), (10, 11), (11, 12), (11, 13), (12, 13), (13, 11), (13, 14), (13, 20), (13, 32), (13, 44), (14, 2), (14, 9), (14, 15), (14, 16), (14, 35), (15, 16), (15, 29), (16, 14), (16, 17), (16, 34), (16, 38), (17, 18), (17, 19), (18, 8), (18, 17), (18, 19), (18, 35), (18, 40), (19, 17), (19, 20), (19, 37), (19, 38), (20, 21), (20, 22), (21, 2), (21, 4), (21, 22), (22, 20), (22, 23), (22, 37), (23, 2), (23, 24), (23, 25), (23, 38), (24, 5), (24, 25), (24, 35), (24, 36), (24, 41), (25, 12), (25, 18), (25, 23), (25, 26), (26, 27), (26, 28), (27, 5), (27, 28), (28, 26), (28, 29), (29, 2), (29, 3), (29, 7), (29, 30), (29, 31), (29, 47), (30, 13), (30, 31), (31, 7), (31, 29), (31, 32), (32, 2), (32, 25), (32, 33), (32, 34), (32, 41), (32, 45), (33, 8), (33, 10), (33, 34), (34, 32), (34, 35), (34, 38), (35, 7), (35, 36), (35, 37), (36, 10), (36, 37), (37, 35), (37, 38), (37, 43), (38, 11), (38, 19), (38, 24), (38, 39), (38, 40), (39, 40), (40, 7), (40, 14), (40, 22), (40, 38), (40, 41), (41, 3), (41, 7), (41, 42), (41, 43), (42, 15), (42, 29), (42, 43), (43, 31), (43, 41), (43, 44), (44, 45), (44, 46), (44, 47), (45, 46), (46, 15), (46, 44), (46, 47), (47, 48), (47, 49), (48, 9), (48, 36), (48, 49), (49, 1), (49, 22), (49, 47)]"
286,synthetic_cc100_v50_86,100,100,100,50,148,0,1,"[(0, 2), (2, 3), (2, 4), (3, 4), (4, 2), (4, 5), (4, 37), (4, 47), (5, 6), (5, 7), (5, 35), (6, 7), (6, 10), (7, 5), (7, 8), (8, 9), (8, 10), (8, 20), (8, 46), (9, 10), (10, 8), (10, 11), (10, 15), (10, 25), (11, 12), (11, 13), (11, 29), (12, 13), (12, 20), (12, 35), (13, 11), (13, 14), (13, 18), (13, 22), (14, 15), (14, 16), (14, 35), (15, 3), (15, 16), (16, 9), (16, 14), (16, 17), (16, 40), (17, 9), (17, 18), (17, 19), (18, 19), (18, 26), (18, 41), (19, 17), (19, 20), (19, 43), (19, 48), (20, 5), (20, 6), (20, 11), (20, 21), (20, 22), (20, 24), (21, 22), (22, 20), (22, 23), (22, 24), (23, 14), (23, 24), (23, 25), (23, 45), (24, 25), (25, 23), (25, 26), (25, 44), (26, 27), (26, 28), (26, 38), (27, 16), (27, 24), (27, 28), (27, 34), (27, 35), (27, 40), (28, 23), (28, 26), (28, 29), (29, 16), (29, 18), (29, 27), (29, 30), (29, 31), (29, 49), (30, 31), (30, 35), (30, 38), (31, 29), (31, 32), (32, 33), (32, 34), (33, 34), (34, 18), (34, 32), (34, 35), (34, 45), (34, 47), (35, 36), (35, 37), (35, 42), (36, 11), (36, 21), (36, 37), (37, 35), (37, 38), (38, 16), (38, 39), (38, 40), (39, 3), (39, 40), (40, 21), (40, 22), (40, 29), (40, 38), (40, 41), (41, 29), (41, 40), (41, 42), (41, 43), (42, 26), (42, 43), (43, 12), (43, 27), (43, 41), (43, 44), (44, 45), (44, 46), (45, 46), (45, 48), (46, 10), (46, 19), (46, 22), (46, 44), (46, 47), (47, 30), (47, 48), (47, 49), (48, 31), (48, 38), (48, 49), (49, 1), (49, 41), (49, 47)]"
287,synthetic_cc100_v50_87,100,100,100,50,148,0,1,"[(0, 2), (2, 3), (2, 4), (2, 10), (2, 25), (2, 40), (3, 4), (3, 6), (3, 20), (3, 39), (4, 2), (4, 5), (4, 28), (5, 6), (5, 7), (5, 33), (6, 7), (6, 12), (7, 5), (7, 8), (7, 12), (7, 43), (8, 9), (8, 10), (8, 24), (8, 26), (8, 33), (9, 10), (9, 31), (10, 8), (10, 11), (10, 48), (11, 12), (11, 13), (11, 32), (11, 39), (12, 1), (12, 10), (12, 13), (13, 4), (13, 11), (13, 14), (13, 16), (13, 22), (14, 2), (14, 15), (14, 16), (15, 16), (15, 37), (16, 14), (16, 17), (16, 21), (17, 18), (17, 27), (18, 19), (19, 17), (19, 20), (19, 29), (19, 36), (20, 9), (20, 21), (20, 22), (20, 23), (21, 22), (22, 20), (22, 23), (22, 25), (23, 24), (23, 25), (23, 29), (24, 25), (25, 23), (25, 26), (26, 27), (26, 28), (27, 6), (27, 28), (28, 26), (28, 29), (29, 30), (29, 31), (29, 44), (29, 46), (30, 2), (30, 31), (31, 29), (31, 32), (31, 43), (32, 33), (32, 34), (32, 39), (32, 40), (33, 5), (33, 17), (33, 28), (33, 34), (34, 28), (34, 32), (34, 35), (35, 36), (35, 37), (36, 37), (37, 35), (37, 38), (38, 15), (38, 16), (38, 39), (38, 40), (39, 5), (39, 40), (40, 6), (40, 16), (40, 38), (40, 41), (41, 18), (41, 42), (41, 43), (42, 16), (42, 43), (43, 1), (43, 14), (43, 19), (43, 38), (43, 41), (43, 44), (44, 2), (44, 6), (44, 15), (44, 28), (44, 45), (44, 46), (45, 7), (45, 23), (45, 24), (45, 27), (45, 46), (46, 24), (46, 37), (46, 44), (46, 47), (47, 41), (47, 48), (47, 49), (48, 27), (48, 45), (48, 49), (49, 1), (49, 47)]"
288,synthetic_cc100_v50_88,100,100,100,50,148,0,1,"[(0, 2), (2, 3), (2, 4), (2, 21), (3, 4), (3, 10), (3, 37), (4, 2), (4, 5), (4, 9), (4, 19), (5, 6), (5, 7), (6, 7), (7, 5), (7, 8), (8, 9), (8, 10), (8, 11), (8, 44), (9, 10), (10, 8), (10, 11), (10, 23), (11, 12), (11, 13), (11, 16), (12, 13), (12, 48), (13, 6), (13, 11), (13, 14), (14, 2), (14, 13), (14, 15), (14, 16), (15, 5), (15, 16), (15, 29), (16, 14), (16, 17), (17, 10), (17, 18), (17, 19), (18, 19), (18, 36), (18, 48), (19, 17), (19, 20), (19, 39), (19, 48), (20, 16), (20, 21), (20, 22), (20, 34), (21, 2), (21, 11), (21, 22), (21, 36), (21, 37), (21, 44), (22, 20), (22, 23), (22, 40), (23, 20), (23, 24), (23, 25), (23, 31), (24, 25), (24, 42), (25, 14), (25, 23), (25, 26), (26, 27), (26, 28), (27, 22), (27, 28), (27, 32), (27, 36), (28, 7), (28, 14), (28, 22), (28, 26), (28, 29), (28, 33), (29, 30), (29, 31), (30, 9), (30, 31), (31, 8), (31, 14), (31, 29), (31, 32), (32, 11), (32, 33), (32, 34), (32, 42), (33, 20), (33, 34), (34, 9), (34, 32), (34, 35), (35, 36), (35, 37), (35, 39), (35, 41), (36, 37), (37, 35), (37, 38), (38, 39), (38, 40), (38, 43), (39, 40), (40, 11), (40, 23), (40, 38), (40, 41), (41, 10), (41, 42), (41, 43), (41, 45), (42, 2), (42, 43), (43, 41), (43, 44), (44, 7), (44, 15), (44, 40), (44, 45), (44, 46), (45, 12), (45, 23), (45, 25), (45, 46), (46, 7), (46, 41), (46, 44), (46, 47), (47, 38), (47, 48), (47, 49), (48, 12), (48, 22), (48, 32), (48, 49), (49, 1), (49, 33), (49, 47)]"
289,synthetic_cc100_v50_89,100,100,100,50,148,0,1,"[(0, 2), (2, 3), (2, 4), (2, 8), (2, 20), (3, 4), (3, 29), (4, 2), (4, 5), (4, 42), (5, 6), (5, 7), (5, 25), (6, 7), (6, 27), (7, 5), (7, 8), (8, 9), (8, 10), (8, 21), (8, 36), (8, 44), (9, 10), (10, 8), (10, 11), (10, 49), (11, 12), (11, 13), (11, 17), (11, 20), (12, 13), (13, 3), (13, 11), (13, 14), (13, 34), (14, 15), (14, 16), (14, 18), (14, 21), (15, 11), (15, 16), (16, 8), (16, 13), (16, 14), (16, 17), (16, 32), (17, 18), (17, 19), (17, 42), (18, 8), (18, 12), (18, 19), (18, 49), (19, 2), (19, 17), (19, 20), (20, 21), (20, 22), (20, 43), (21, 9), (21, 22), (22, 20), (22, 23), (22, 44), (23, 24), (23, 25), (24, 25), (25, 23), (25, 26), (26, 27), (26, 28), (26, 31), (26, 37), (26, 39), (26, 43), (27, 28), (28, 26), (28, 29), (28, 36), (29, 30), (29, 31), (29, 43), (29, 44), (30, 6), (30, 23), (30, 31), (31, 29), (31, 32), (31, 48), (32, 9), (32, 19), (32, 27), (32, 33), (32, 34), (32, 45), (33, 8), (33, 21), (33, 30), (33, 34), (33, 45), (34, 26), (34, 32), (34, 35), (35, 31), (35, 36), (35, 37), (36, 13), (36, 37), (37, 2), (37, 25), (37, 27), (37, 32), (37, 35), (37, 38), (38, 34), (38, 39), (38, 40), (39, 2), (39, 40), (40, 30), (40, 38), (40, 41), (41, 19), (41, 23), (41, 42), (41, 43), (42, 6), (42, 8), (42, 11), (42, 43), (43, 41), (43, 44), (44, 17), (44, 45), (44, 46), (45, 46), (45, 48), (46, 6), (46, 14), (46, 44), (46, 47), (47, 4), (47, 48), (47, 49), (48, 3), (48, 49), (49, 1), (49, 47)]"
290,synthetic_cc100_v50_90,100,100,100,50,148,0,1,"[(0, 2), (2, 3), (2, 4), (2, 30), (2, 36), (3, 4), (3, 32), (4, 1), (4, 2), (4, 5), (5, 6), (5, 7), (5, 16), (6, 7), (6, 18), (6, 19), (7, 5), (7, 8), (7, 31), (7, 43), (8, 7), (8, 9), (8, 10), (9, 10), (9, 39), (10, 8), (10, 11), (10, 27), (10, 42), (10, 46), (11, 5), (11, 12), (11, 13), (11, 37), (12, 13), (12, 17), (12, 29), (12, 39), (13, 11), (13, 14), (13, 22), (13, 27), (13, 35), (14, 15), (14, 16), (15, 16), (15, 49), (16, 14), (16, 17), (16, 26), (17, 18), (17, 19), (18, 19), (18, 23), (18, 42), (19, 7), (19, 17), (19, 20), (19, 30), (20, 21), (20, 22), (21, 22), (21, 23), (21, 27), (22, 9), (22, 16), (22, 20), (22, 23), (22, 39), (23, 24), (23, 25), (23, 38), (24, 25), (24, 27), (24, 40), (25, 23), (25, 26), (25, 29), (26, 10), (26, 27), (26, 28), (26, 40), (26, 43), (26, 45), (27, 12), (27, 16), (27, 28), (27, 32), (27, 41), (28, 26), (28, 29), (28, 33), (29, 30), (29, 31), (30, 31), (31, 27), (31, 29), (31, 32), (32, 12), (32, 33), (32, 34), (33, 17), (33, 34), (33, 48), (34, 32), (34, 35), (35, 1), (35, 29), (35, 36), (35, 37), (35, 46), (36, 37), (37, 35), (37, 38), (38, 16), (38, 39), (38, 40), (38, 43), (39, 20), (39, 40), (39, 47), (40, 38), (40, 39), (40, 41), (41, 42), (41, 43), (42, 5), (42, 43), (42, 45), (43, 21), (43, 34), (43, 41), (43, 44), (44, 36), (44, 45), (44, 46), (45, 46), (46, 24), (46, 44), (46, 47), (47, 48), (47, 49), (48, 11), (48, 13), (48, 39), (48, 49), (49, 1), (49, 47)]"
291,synthetic_cc100_v50_91,100,100,100,50,148,0,1,"[(0, 2), (2, 3), (2, 4), (2, 38), (3, 4), (3, 10), (3, 34), (4, 2), (4, 5), (4, 20), (5, 6), (5, 7), (6, 7), (7, 5), (7, 8), (7, 10), (8, 9), (8, 10), (9, 3), (9, 6), (9, 10), (9, 11), (9, 20), (10, 8), (10, 11), (10, 15), (10, 32), (11, 12), (11, 13), (11, 18), (11, 41), (12, 13), (12, 25), (13, 11), (13, 14), (13, 16), (13, 28), (14, 15), (14, 16), (15, 16), (15, 31), (16, 14), (16, 17), (17, 18), (17, 19), (17, 39), (18, 5), (18, 19), (18, 22), (18, 42), (19, 15), (19, 17), (19, 20), (20, 13), (20, 21), (20, 22), (20, 48), (21, 22), (21, 28), (22, 20), (22, 23), (22, 29), (22, 37), (23, 24), (23, 25), (23, 31), (23, 49), (24, 25), (24, 46), (25, 15), (25, 23), (25, 26), (25, 27), (25, 33), (25, 34), (26, 3), (26, 27), (26, 28), (26, 46), (27, 13), (27, 28), (27, 44), (28, 26), (28, 29), (29, 6), (29, 9), (29, 28), (29, 30), (29, 31), (29, 39), (30, 31), (31, 11), (31, 29), (31, 32), (32, 29), (32, 33), (32, 34), (33, 4), (33, 28), (33, 34), (34, 32), (34, 35), (35, 36), (35, 37), (36, 37), (37, 35), (37, 38), (38, 14), (38, 23), (38, 39), (38, 40), (38, 44), (39, 13), (39, 40), (39, 46), (40, 2), (40, 38), (40, 41), (41, 33), (41, 40), (41, 42), (41, 43), (42, 43), (43, 3), (43, 21), (43, 27), (43, 41), (43, 44), (44, 14), (44, 45), (44, 46), (45, 18), (45, 46), (46, 5), (46, 15), (46, 44), (46, 47), (47, 2), (47, 31), (47, 41), (47, 48), (47, 49), (48, 20), (48, 49), (49, 1), (49, 12), (49, 33), (49, 47)]"
292,synthetic_cc100_v50_92,100,100,100,50,148,0,1,"[(0, 2), (2, 3), (2, 4), (3, 4), (3, 35), (3, 40), (3, 46), (4, 2), (4, 5), (4, 23), (5, 6), (5, 7), (6, 7), (6, 11), (6, 13), (7, 4), (7, 5), (7, 8), (7, 20), (8, 9), (8, 10), (8, 23), (8, 39), (8, 43), (9, 4), (9, 10), (9, 12), (9, 21), (10, 1), (10, 8), (10, 11), (11, 3), (11, 12), (11, 13), (12, 13), (12, 21), (12, 41), (12, 45), (13, 11), (13, 14), (13, 15), (14, 15), (14, 16), (14, 19), (15, 16), (15, 19), (15, 48), (16, 12), (16, 14), (16, 17), (17, 18), (17, 19), (17, 34), (17, 42), (18, 19), (19, 1), (19, 14), (19, 17), (19, 20), (19, 21), (19, 25), (20, 1), (20, 21), (20, 22), (20, 26), (21, 22), (22, 19), (22, 20), (22, 23), (22, 27), (23, 24), (23, 25), (24, 7), (24, 25), (25, 23), (25, 26), (26, 21), (26, 27), (26, 28), (26, 45), (27, 28), (27, 31), (27, 48), (28, 20), (28, 26), (28, 29), (28, 43), (28, 48), (29, 30), (29, 31), (30, 8), (30, 31), (30, 45), (31, 18), (31, 26), (31, 29), (31, 32), (32, 12), (32, 31), (32, 33), (32, 34), (33, 19), (33, 34), (34, 32), (34, 35), (35, 33), (35, 36), (35, 37), (36, 35), (36, 37), (37, 22), (37, 35), (37, 38), (38, 1), (38, 19), (38, 39), (38, 40), (39, 40), (39, 48), (40, 38), (40, 41), (41, 13), (41, 42), (41, 43), (41, 47), (42, 19), (42, 37), (42, 43), (42, 46), (43, 41), (43, 44), (44, 45), (44, 46), (45, 12), (45, 39), (45, 46), (46, 20), (46, 44), (46, 47), (47, 36), (47, 48), (47, 49), (48, 30), (48, 41), (48, 49), (49, 1), (49, 12), (49, 47)]"
293,synthetic_cc100_v50_93,100,100,100,50,148,0,1,"[(0, 2), (2, 3), (2, 4), (2, 34), (2, 40), (3, 4), (3, 11), (4, 2), (4, 5), (4, 12), (4, 13), (4, 17), (5, 6), (5, 7), (5, 8), (5, 26), (5, 44), (5, 48), (6, 7), (7, 5), (7, 8), (7, 12), (7, 21), (8, 9), (8, 10), (9, 4), (9, 10), (10, 8), (10, 11), (11, 12), (11, 13), (12, 3), (12, 13), (12, 20), (12, 28), (13, 11), (13, 14), (13, 45), (14, 3), (14, 11), (14, 15), (14, 16), (15, 9), (15, 12), (15, 16), (15, 18), (15, 23), (15, 47), (16, 1), (16, 14), (16, 17), (17, 18), (17, 19), (17, 33), (17, 46), (18, 17), (18, 19), (18, 28), (19, 17), (19, 20), (19, 42), (20, 7), (20, 21), (20, 22), (20, 37), (21, 8), (21, 9), (21, 22), (21, 33), (21, 46), (22, 5), (22, 19), (22, 20), (22, 23), (23, 24), (23, 25), (23, 40), (24, 25), (24, 35), (25, 23), (25, 26), (25, 34), (26, 13), (26, 27), (26, 28), (27, 28), (28, 17), (28, 21), (28, 26), (28, 29), (28, 43), (29, 30), (29, 31), (29, 37), (30, 14), (30, 31), (30, 42), (30, 45), (31, 29), (31, 32), (32, 33), (32, 34), (33, 34), (34, 32), (34, 35), (35, 36), (35, 37), (36, 25), (36, 37), (36, 43), (37, 35), (37, 38), (38, 26), (38, 39), (38, 40), (39, 40), (39, 49), (40, 1), (40, 38), (40, 41), (40, 45), (41, 42), (41, 43), (41, 45), (41, 46), (41, 49), (42, 20), (42, 43), (43, 41), (43, 44), (44, 11), (44, 45), (44, 46), (45, 13), (45, 46), (46, 25), (46, 26), (46, 44), (46, 47), (47, 48), (47, 49), (48, 1), (48, 19), (48, 47), (48, 49), (49, 1), (49, 37), (49, 47)]"
294,synthetic_cc100_v50_94,100,100,100,50,148,0,1,"[(0, 2), (2, 3), (2, 4), (2, 13), (3, 4), (3, 8), (3, 27), (3, 46), (3, 49), (4, 2), (4, 5), (4, 49), (5, 6), (5, 7), (6, 4), (6, 7), (6, 21), (6, 46), (7, 5), (7, 8), (8, 9), (8, 10), (8, 48), (9, 10), (9, 37), (10, 4), (10, 8), (10, 11), (10, 40), (10, 42), (11, 12), (11, 13), (12, 10), (12, 13), (12, 26), (13, 11), (13, 14), (13, 36), (13, 40), (13, 48), (14, 15), (14, 16), (15, 16), (16, 4), (16, 14), (16, 17), (17, 18), (17, 19), (18, 15), (18, 19), (18, 49), (19, 17), (19, 20), (20, 15), (20, 21), (20, 22), (21, 14), (21, 22), (22, 20), (22, 23), (23, 24), (23, 25), (24, 20), (24, 25), (24, 45), (24, 49), (25, 17), (25, 23), (25, 26), (26, 12), (26, 21), (26, 27), (26, 28), (27, 16), (27, 17), (27, 28), (27, 35), (28, 26), (28, 29), (29, 15), (29, 30), (29, 31), (29, 40), (30, 7), (30, 31), (31, 25), (31, 29), (31, 32), (31, 39), (31, 42), (31, 49), (32, 33), (32, 34), (33, 2), (33, 26), (33, 27), (33, 31), (33, 34), (34, 6), (34, 32), (34, 35), (35, 36), (35, 37), (36, 37), (36, 40), (36, 41), (37, 35), (37, 36), (37, 38), (37, 40), (37, 46), (38, 39), (38, 40), (39, 18), (39, 40), (40, 4), (40, 19), (40, 20), (40, 38), (40, 39), (40, 41), (41, 42), (41, 43), (42, 5), (42, 43), (43, 4), (43, 21), (43, 41), (43, 44), (44, 37), (44, 45), (44, 46), (45, 6), (45, 19), (45, 46), (46, 40), (46, 41), (46, 44), (46, 47), (47, 10), (47, 22), (47, 48), (47, 49), (48, 9), (48, 20), (48, 49), (49, 1), (49, 47)]"
295,synthetic_cc100_v50_95,100,100,100,50,148,0,1,"[(0, 2), (2, 3), (2, 4), (3, 4), (3, 22), (3, 39), (4, 2), (4, 5), (4, 17), (4, 30), (5, 6), (5, 7), (5, 43), (6, 7), (6, 47), (7, 5), (7, 8), (7, 18), (8, 9), (8, 10), (9, 10), (9, 18), (9, 25), (10, 8), (10, 11), (11, 12), (11, 13), (11, 21), (12, 13), (13, 11), (13, 14), (14, 6), (14, 12), (14, 15), (14, 16), (14, 31), (15, 16), (15, 40), (16, 14), (16, 17), (16, 37), (16, 42), (17, 18), (17, 19), (18, 11), (18, 19), (18, 36), (18, 48), (19, 5), (19, 17), (19, 20), (20, 21), (20, 22), (20, 38), (21, 3), (21, 20), (21, 22), (21, 48), (21, 49), (22, 20), (22, 23), (23, 24), (23, 25), (23, 48), (24, 3), (24, 14), (24, 25), (24, 36), (25, 23), (25, 26), (25, 41), (26, 12), (26, 27), (26, 28), (27, 28), (27, 42), (27, 43), (28, 8), (28, 24), (28, 26), (28, 29), (29, 2), (29, 30), (29, 31), (30, 28), (30, 31), (31, 10), (31, 18), (31, 29), (31, 32), (32, 1), (32, 33), (32, 34), (33, 34), (34, 14), (34, 32), (34, 35), (35, 21), (35, 36), (35, 37), (36, 17), (36, 37), (36, 39), (37, 35), (37, 38), (38, 2), (38, 32), (38, 39), (38, 40), (39, 18), (39, 28), (39, 40), (40, 38), (40, 41), (41, 29), (41, 42), (41, 43), (42, 25), (42, 43), (43, 41), (43, 44), (43, 49), (44, 12), (44, 16), (44, 26), (44, 45), (44, 46), (45, 22), (45, 46), (46, 28), (46, 29), (46, 34), (46, 35), (46, 37), (46, 38), (46, 44), (46, 45), (46, 47), (47, 15), (47, 48), (47, 49), (48, 7), (48, 37), (48, 49), (49, 1), (49, 35), (49, 38), (49, 47)]"
296,synthetic_cc100_v50_96,100,100,100,50,148,0,1,"[(0, 2), (2, 3), (2, 4), (2, 19), (2, 41), (3, 4), (3, 11), (4, 2), (4, 5), (4, 32), (5, 6), (5, 7), (5, 28), (5, 41), (6, 2), (6, 7), (6, 13), (6, 34), (6, 45), (7, 5), (7, 8), (7, 20), (7, 42), (8, 9), (8, 10), (8, 21), (9, 10), (9, 15), (9, 29), (9, 35), (9, 44), (10, 8), (10, 11), (10, 13), (11, 12), (11, 13), (11, 40), (12, 13), (12, 16), (13, 5), (13, 11), (13, 14), (14, 15), (14, 16), (14, 49), (15, 3), (15, 16), (15, 36), (16, 3), (16, 14), (16, 17), (16, 35), (17, 18), (17, 19), (18, 19), (18, 42), (19, 11), (19, 17), (19, 20), (19, 24), (20, 9), (20, 21), (20, 22), (20, 31), (21, 22), (22, 12), (22, 20), (22, 23), (23, 7), (23, 24), (23, 25), (23, 37), (24, 25), (25, 23), (25, 26), (25, 34), (26, 27), (26, 28), (27, 11), (27, 19), (27, 28), (28, 26), (28, 29), (29, 28), (29, 30), (29, 31), (30, 9), (30, 13), (30, 20), (30, 31), (31, 29), (31, 32), (32, 9), (32, 11), (32, 33), (32, 34), (33, 24), (33, 34), (34, 32), (34, 35), (35, 31), (35, 36), (35, 37), (36, 1), (36, 28), (36, 37), (37, 5), (37, 35), (37, 38), (38, 4), (38, 8), (38, 39), (38, 40), (39, 30), (39, 40), (39, 44), (40, 38), (40, 41), (41, 16), (41, 21), (41, 35), (41, 38), (41, 42), (41, 43), (42, 19), (42, 40), (42, 43), (43, 19), (43, 41), (43, 44), (44, 19), (44, 45), (44, 46), (45, 29), (45, 46), (45, 49), (46, 2), (46, 44), (46, 47), (47, 29), (47, 31), (47, 40), (47, 48), (47, 49), (48, 49), (49, 1), (49, 14), (49, 47)]"
297,synthetic_cc100_v50_97,100,100,100,50,148,0,1,"[(0, 2), (2, 3), (2, 4), (3, 4), (3, 14), (3, 22), (3, 24), (3, 27), (3, 37), (4, 2), (4, 5), (4, 30), (4, 34), (4, 42), (4, 44), (5, 6), (5, 7), (5, 47), (5, 48), (6, 7), (6, 29), (7, 5), (7, 8), (7, 20), (8, 1), (8, 9), (8, 10), (8, 15), (8, 41), (9, 6), (9, 10), (9, 37), (9, 44), (10, 8), (10, 11), (10, 43), (11, 1), (11, 12), (11, 13), (11, 34), (12, 13), (12, 16), (12, 23), (13, 11), (13, 14), (14, 15), (14, 16), (14, 20), (14, 22), (14, 27), (14, 31), (14, 36), (15, 16), (15, 37), (16, 14), (16, 17), (16, 18), (16, 34), (17, 18), (17, 19), (17, 31), (18, 19), (19, 6), (19, 17), (19, 20), (19, 23), (20, 21), (20, 22), (21, 15), (21, 22), (21, 27), (21, 42), (22, 3), (22, 20), (22, 23), (22, 43), (23, 24), (23, 25), (24, 25), (25, 23), (25, 26), (25, 27), (26, 15), (26, 20), (26, 27), (26, 28), (27, 28), (28, 26), (28, 29), (29, 12), (29, 30), (29, 31), (30, 31), (31, 29), (31, 32), (31, 45), (32, 33), (32, 34), (32, 38), (32, 45), (33, 34), (34, 32), (34, 35), (35, 36), (35, 37), (35, 42), (36, 11), (36, 37), (37, 30), (37, 35), (37, 38), (38, 3), (38, 39), (38, 40), (39, 14), (39, 40), (40, 38), (40, 41), (40, 48), (41, 15), (41, 23), (41, 35), (41, 42), (41, 43), (42, 2), (42, 43), (43, 41), (43, 44), (44, 3), (44, 23), (44, 45), (44, 46), (45, 1), (45, 9), (45, 46), (46, 21), (46, 25), (46, 44), (46, 47), (47, 29), (47, 48), (47, 49), (48, 4), (48, 18), (48, 38), (48, 49), (49, 1), (49, 47)]"
298,synthetic_cc100_v50_98,100,100,100,50,148,0,1,"[(0, 2), (2, 3), (2, 4), (3, 4), (4, 2), (4, 5), (4, 36), (5, 3), (5, 6), (5, 7), (5, 30), (5, 35), (6, 7), (6, 31), (7, 5), (7, 8), (7, 9), (7, 25), (7, 43), (7, 47), (8, 9), (8, 10), (8, 16), (9, 10), (9, 19), (9, 48), (10, 8), (10, 11), (10, 39), (11, 12), (11, 13), (11, 17), (12, 13), (13, 1), (13, 11), (13, 14), (13, 22), (13, 25), (14, 15), (14, 16), (14, 27), (14, 28), (14, 32), (15, 16), (16, 14), (16, 15), (16, 17), (16, 27), (16, 31), (16, 39), (17, 18), (17, 19), (17, 34), (18, 19), (18, 36), (19, 17), (19, 20), (20, 21), (20, 22), (20, 24), (21, 22), (21, 45), (22, 20), (22, 23), (23, 2), (23, 24), (23, 25), (23, 31), (24, 17), (24, 25), (24, 46), (25, 1), (25, 23), (25, 26), (25, 27), (26, 13), (26, 27), (26, 28), (27, 2), (27, 28), (28, 24), (28, 26), (28, 29), (28, 35), (28, 48), (29, 27), (29, 30), (29, 31), (29, 34), (30, 12), (30, 31), (30, 42), (30, 46), (31, 1), (31, 6), (31, 28), (31, 29), (31, 32), (32, 26), (32, 33), (32, 34), (33, 8), (33, 34), (34, 32), (34, 35), (34, 49), (35, 36), (35, 37), (36, 37), (37, 7), (37, 29), (37, 35), (37, 38), (38, 13), (38, 22), (38, 39), (38, 40), (39, 33), (39, 40), (40, 29), (40, 38), (40, 41), (41, 42), (41, 43), (42, 21), (42, 43), (42, 49), (43, 41), (43, 44), (44, 45), (44, 46), (45, 25), (45, 46), (45, 49), (46, 44), (46, 47), (47, 10), (47, 33), (47, 48), (47, 49), (48, 18), (48, 30), (48, 49), (49, 1), (49, 9), (49, 23), (49, 35), (49, 47)]"
299,synthetic_cc100_v50_99,100,100,100,50,148,0,1,"[(0, 2), (2, 3), (2, 4), (3, 4), (3, 9), (3, 17), (3, 40), (4, 2), (4, 5), (4, 12), (5, 6), (5, 7), (6, 7), (6, 9), (6, 20), (7, 5), (7, 8), (7, 46), (8, 9), (8, 10), (9, 10), (9, 31), (10, 8), (10, 11), (11, 5), (11, 12), (11, 13), (12, 13), (12, 27), (13, 8), (13, 11), (13, 14), (14, 15), (14, 16), (14, 18), (14, 33), (15, 11), (15, 16), (15, 45), (16, 7), (16, 14), (16, 17), (16, 25), (16, 27), (16, 38), (17, 18), (17, 19), (17, 23), (18, 19), (18, 21), (18, 27), (19, 17), (19, 20), (20, 21), (20, 22), (20, 45), (21, 22), (21, 46), (22, 20), (22, 23), (22, 38), (22, 39), (23, 24), (23, 25), (23, 34), (24, 10), (24, 15), (24, 25), (24, 34), (25, 14), (25, 23), (25, 26), (26, 20), (26, 27), (26, 28), (26, 43), (27, 17), (27, 28), (28, 26), (28, 29), (29, 14), (29, 23), (29, 30), (29, 31), (30, 29), (30, 31), (31, 29), (31, 32), (31, 47), (32, 31), (32, 33), (32, 34), (32, 37), (33, 20), (33, 21), (33, 23), (33, 32), (33, 34), (34, 32), (34, 35), (35, 2), (35, 36), (35, 37), (36, 37), (36, 46), (37, 32), (37, 35), (37, 36), (37, 38), (38, 23), (38, 39), (38, 40), (39, 17), (39, 40), (40, 1), (40, 3), (40, 22), (40, 27), (40, 38), (40, 41), (40, 45), (41, 8), (41, 42), (41, 43), (42, 43), (43, 34), (43, 41), (43, 44), (43, 47), (44, 45), (44, 46), (45, 23), (45, 46), (46, 13), (46, 19), (46, 23), (46, 44), (46, 47), (47, 4), (47, 48), (47, 49), (48, 49), (49, 1), (49, 3), (49, 13), (49, 26), (49, 44), (49, 47)]"
300,synthetic_cc100_v50_100,100,100,100,50,148,0,1,"[(0, 2), (2, 3), (2, 4), (2, 20), (2, 22), (2, 40), (3, 4), (3, 8), (3, 43), (4, 2), (4, 5), (4, 20), (4, 45), (5, 6), (5, 7), (6, 7), (7, 5), (7, 8), (7, 45), (8, 9), (8, 10), (8, 41), (9, 10), (9, 44), (10, 6), (10, 8), (10, 11), (10, 13), (10, 31), (10, 34), (11, 12), (11, 13), (11, 14), (11, 16), (12, 13), (12, 31), (12, 46), (13, 11), (13, 14), (13, 21), (13, 40), (14, 15), (14, 16), (15, 16), (15, 22), (16, 12), (16, 14), (16, 17), (17, 7), (17, 18), (17, 19), (18, 9), (18, 19), (18, 26), (18, 45), (19, 17), (19, 20), (20, 21), (20, 22), (21, 22), (22, 20), (22, 23), (22, 24), (23, 24), (23, 25), (24, 25), (24, 36), (25, 23), (25, 26), (26, 11), (26, 22), (26, 27), (26, 28), (27, 28), (28, 23), (28, 26), (28, 29), (28, 40), (28, 46), (29, 18), (29, 30), (29, 31), (30, 13), (30, 31), (30, 38), (31, 5), (31, 17), (31, 29), (31, 32), (32, 13), (32, 25), (32, 33), (32, 34), (33, 23), (33, 34), (34, 11), (34, 23), (34, 30), (34, 32), (34, 35), (35, 2), (35, 25), (35, 36), (35, 37), (36, 15), (36, 37), (37, 35), (37, 38), (37, 42), (38, 6), (38, 13), (38, 39), (38, 40), (39, 8), (39, 17), (39, 40), (39, 41), (40, 38), (40, 41), (41, 3), (41, 9), (41, 32), (41, 35), (41, 42), (41, 43), (42, 17), (42, 38), (42, 43), (43, 21), (43, 29), (43, 41), (43, 44), (44, 11), (44, 45), (44, 46), (45, 46), (46, 24), (46, 44), (46, 47), (46, 49), (47, 5), (47, 24), (47, 48), (47, 49), (48, 49), (49, 1), (49, 47), (49, 48)]"
